    1.20	 5.76	hello guys it's drew
    3.92	 4.72	so phase two is among us in the burning
    6.96	 4.16	crusade classic
    8.64	 5.36	and that means a bunch of new gears
   11.12	 5.84	dropping we have two new instances
   14.00	 4.96	serpent shrine cavern and tempest keep
   16.96	 3.76	and there are a lot of awesome pieces in
   18.96	 4.48	these instances that drop for shadow
   20.72	 3.84	priest so today i'm going to give you my
   23.44	 3.84	full
   24.56	 5.12	best in slot guide for shadow priests in
   27.28	 4.64	phase 2 of the burning crusade classic
   29.68	 6.08	and just like all of my other gear guide
   31.92	 6.40	videos i'm going to give you a 100
   35.76	 4.64	full best in slot list
   38.32	 4.80	and then i like to give something called
   40.40	 5.76	a realistic best in slot list
   43.12	 4.80	so this is a set of gear that's
   46.16	 4.96	minimally worse
   47.92	 5.60	but a lot easier to get and a lot more
   51.12	 5.68	realistic for you to get as a shadow
   53.52	 6.40	priest so let's get right into it guys
   56.80	 6.00	so before i go into the actual gear
   59.92	 4.80	guide there are a couple of pieces
   62.80	 3.76	that i wanted to point out
   64.72	 4.24	um a couple of you in my last video
   66.56	 5.12	actually asked me why i didn't mention
   68.96	 3.68	these pieces or even talk about these
   71.68	 3.60	pieces
   72.64	 5.52	um for the gear guide because these are
   75.28	 5.76	technically your best in slot pieces but
   78.16	 4.88	the reason i didn't talk about them is
   81.04	 3.20	because they're so hard to get and for
   83.04	 2.40	those of you who don't know what i'm
   84.24	 5.20	talking about
   85.44	 5.60	there is a wing in karazhan that
   89.44	 2.88	called the servants quarters and what
   91.04	 3.84	this is is
   92.32	 4.40	you have to kill all these trash packs
   94.88	 4.48	in a certain amount of time
   96.72	 5.60	and when you do in the corner one of
   99.36	 5.60	three bosses spawns and these bosses
  102.32	 4.16	drop one piece of loot with a random
  104.96	 3.92	enchant on it
  106.48	 5.36	one of those enchants can be
  108.88	 5.36	plus shadow damage so there are three
  111.84	 5.68	pieces the bracers the belts and the
  114.24	 6.08	boots um the plus shadow damage pieces
  117.52	 5.52	of each of these respectively is more
  120.32	 6.00	than any other piece you can get
  123.04	 6.32	but they are so hard to get and so out
  126.32	 5.84	of the way for most raids to do
  129.36	 5.12	most raids don't even do this unless
  132.16	 4.00	you know someone is like the guild
  134.48	 3.52	master as a shadow priest and they want
  136.16	 4.16	to do this or they just are speed
  138.00	 4.80	running it and can do it in time i
  140.32	 5.20	personally have only done this wing once
  142.80	 5.44	um randomly in a gdkp because they were
  145.52	 4.40	hoping um the shadow damage piece
  148.24	 3.44	dropped and people would bid on it but
  149.92	 2.64	it didn't but
  151.68	 3.52	um
  152.56	 4.80	one of these random enchants can drop so
  155.20	 4.16	as you can see there are a bunch of them
  157.36	 4.56	and the only one we would benefit from
  159.36	 5.04	is of shadow wrath so the bracers give
  161.92	 4.00	plus 58 shadow damage and the belt in
  164.40	 4.88	the boots give plus
  165.92	 6.00	78 shadow damage so those are way more
  169.28	 4.16	than any other piece you can get in a
  171.92	 3.52	another raid
  173.44	 4.80	but they are so hard to get i didn't
  175.44	 5.60	even think they were worth mentioning
  178.24	 5.60	i personally have only seen one or two
  181.04	 5.36	people randomly wearing these pieces i'm
  183.84	 4.24	just inspecting them in shattrath
  186.40	 4.24	they're very hard to get and not
  188.08	 4.40	realistic at all and that's why i didn't
  190.64	 5.12	mention them so there are the ravagers
  192.48	 4.96	cuffs the lurker's cord and the gilder's
  195.76	 3.76	foot wraps
  197.44	 3.60	another piece of gear i wanted to
  199.52	 4.40	mention
  201.04	 3.76	is the dark moon card crusade
  203.92	 3.04	so
  204.80	 5.28	this piece is technically supposed to
  206.96	 4.64	come out in phase two it is currently on
  210.08	 4.08	the ptr
  211.60	 4.96	but from what i've read
  214.16	 3.92	people said that it was also on the ptr
  216.56	 4.32	before
  218.08	 4.56	so it doesn't necessarily confirm 100
  220.88	 4.40	that this trinket will be coming out in
  222.64	 4.64	phase two but most people people are
  225.28	 5.04	speculating that it is
  227.28	 5.20	and the 70 upgrades website actually
  230.32	 5.44	doesn't have this on there yet because
  232.48	 5.12	it's not 100 confirmed so i figured i
  235.76	 4.08	would mention it beforehand so this is
  237.60	 5.04	the darkmoon card crusade you get this
  239.84	 4.40	from turning in cards exactly the same
  242.64	 3.28	as you would in classic wow it's called
  244.24	 3.04	the blessings deck
  245.92	 3.92	and this trinket
  247.28	 4.48	gives each time you deal
  249.84	 3.28	a melee or range damage to an opponent
  251.76	 3.68	you gain six attack power for the next
  253.12	 3.28	10 seconds stacking up to 20 times but
  255.44	 3.36	also
  256.40	 4.80	each time you land a harmful spell on an
  258.80	 6.32	opponent you gain 8 spell damage for the
  261.20	 7.04	next 10 seconds stacking up to 10 times
  265.12	 5.76	from what people have said on the ptr
  268.24	 5.20	this procs immediately off of any
  270.88	 4.72	damaging spell and it's not a random
  273.44	 4.56	chance to proc it's just automatically
  275.60	 5.04	always procking so this
  278.00	 6.40	trinket gives you plus 80 spell damage
  280.64	 7.36	at all times this is better than
  284.40	 6.16	quagg's eye and mag's eye so i figured
  288.00	 4.88	it was worth mentioning in case it was
  290.56	 4.16	in phase 2 and most people are
  292.88	 4.08	speculating that it will be
  294.72	 4.96	but if it's not in phase 2
  296.96	 4.00	we will go into what you should use
  299.68	 3.84	instead
  300.96	 3.76	so let's get right into the gear guide
  303.52	 4.16	guys
  304.72	 4.24	so here is the phase 2
  307.68	 4.24	100
  308.96	 5.04	best in slot gear set for shadow priest
  311.92	 5.28	in the burning crusade classic
  314.00	 5.20	i am going to go piece by piece uh
  317.20	 5.36	explaining it and telling you where to
  319.20	 4.72	get it um some of you may notice right
  322.56	 4.16	off the bat
  323.92	 5.36	you do not see any frozen shadow weave
  326.72	 5.20	in my last video i did mention that
  329.28	 4.40	frozen shadow weave is best in slot
  331.92	 4.80	through phase two
  333.68	 5.60	um there was lots of discussion on the
  336.72	 5.76	shadow priest discord about the
  339.28	 5.92	comparison of frozen shadow weave
  342.48	 5.76	compared to the tier 5 shadow set
  345.20	 5.60	and the general consensus was that tier
  348.24	 5.28	5 was minimally better
  350.80	 3.44	but the fact that it is a lot harder to
  353.52	 3.04	get
  354.24	 5.44	it's not as realistic to get the four
  356.56	 5.20	set tier five bonus because priests do
  359.68	 3.20	share their tokens with druids and
  361.76	 3.76	warriors
  362.88	 5.28	so the tanks are most likely going to be
  365.52	 6.16	getting most of the tier five tokens in
  368.16	 6.56	combination with they drop off of the
  371.68	 5.44	last bosses in a lot of these instances
  374.72	 4.88	one of the tokens drops off of lady vosh
  377.12	 3.44	one of the tokens drops off of kale
  379.60	 1.76	those
  380.56	 3.68	so
  381.36	 6.16	these pieces are pretty hard to get
  384.24	 4.96	but for the sake of the 100
  387.52	 4.08	best in slot gear set
  389.20	 6.00	we are going to be wearing the 4 out of
  391.60	 4.72	5 set tier 5. so what is this four set
  395.20	 3.52	bonus
  396.32	 4.40	um so the two set bonus is actually
  398.72	 3.76	pretty good as well each time you cast
  400.72	 4.56	an offensive spell there's a chance your
  402.48	 4.56	next spell will cost 150 less mana
  405.28	 4.16	but what we really want is the forcep
  407.04	 4.40	bonus each time your shadow word pain
  409.44	 4.48	deals damage it has a chance to grant
  411.44	 4.48	your next cast within 15 seconds up to
  413.92	 5.52	100 damage and healing
  415.92	 5.44	so this set bonus is really good and the
  419.44	 3.20	reason why we want to wear four out of
  421.36	 3.52	five tier five
  422.64	 5.36	so the four pieces we are going to wear
  424.88	 4.40	are the hood the shoulders the chest and
  428.00	 2.72	the pants
  429.28	 5.44	um the first piece is going to be the
  430.72	 7.36	hood 30 stamina 16 intellect 24 spirit
  434.72	 5.84	we have the shatar revered head enchant
  438.08	 3.68	on it 22 spell damage and 14 spell hit
  440.56	 3.20	rating
  441.76	 4.96	since this is a tier
  443.76	 5.52	piece it does have a meta socket
  446.72	 4.96	the only gem i found on this website was
  449.28	 4.56	this plus 26 healing and nine spell
  451.68	 4.08	damage and two percent reduced threat
  453.84	 5.20	and the requirement was that you need
  455.76	 5.68	more red gems than blue gems uh we are
  459.04	 5.04	going to be using all plus nine spell
  461.44	 3.52	damage gems just like we did in phase
  464.08	 1.84	one
  464.96	 3.68	so
  465.92	 4.32	this is pretty much the only metagem you
  468.64	 4.16	should use unless there's another one
  470.24	 4.72	i'm missing that requires um all red
  472.80	 4.88	gems
  474.96	 4.72	24 spell hit rating 55 damage and
  477.68	 3.76	healing
  479.68	 4.00	the hood drops
  481.44	 4.00	off of lady vosh so this is one of those
  483.68	 4.00	tougher pieces i was talking about
  485.44	 4.72	that's going to be to get and
  487.68	 5.60	this set is pretty much only worth
  490.16	 4.80	wearing for the four set you can get two
  493.28	 3.44	pieces before the others which we'll
  494.96	 2.80	talk about a little bit later
  496.72	 4.56	but
  497.76	 5.20	the hood is going to be your phase 2
  501.28	 3.12	best and slot helmet
  502.96	 4.16	the necklace is still going to be the
  504.40	 6.08	ritzman's lost pendant plus 24 stamina
  507.12	 6.00	plus 51 shadow damage i personally have
  510.48	 5.04	still not seen this drop i have done
  513.12	 4.24	karazhan pretty much every week since
  515.52	 3.44	launch and i literally have never seen
  517.36	 4.48	this drop i'm still wearing choker of
  518.96	 4.80	the fire lord but this is your best and
  521.84	 3.36	slot necklace it drops off of trash and
  523.76	 3.36	karazhan
  525.20	 3.84	and if you're lucky enough to have one
  527.12	 3.44	use it
  529.04	 4.08	the shoulders are going to be wings of
  530.56	 5.12	the avatar your tier 5 shoulders 22
  533.12	 5.36	stamina 24 intellect 24 spirit you're
  535.68	 4.88	gonna have the outdoor exalted uh
  538.48	 3.44	shoulder enchant plus 18 spell damage
  540.56	 4.16	and 10 crit
  541.92	 6.80	two plus nine spell damage gems uh it
  544.72	 6.16	gives 17 crit 41 damage and healing
  548.72	 4.32	and the shoulders drop off a void reaver
  550.88	 4.96	in the eye so this is going to be one of
  553.04	 5.12	your easier pieces to get probably one
  555.84	 3.84	of the first tier five pieces you
  558.16	 4.64	realistically are going to have a shot
  559.68	 6.24	at for the cloak i have the illidari
  562.80	 5.92	cloak so like i was previously talking
  565.92	 4.80	about the karazhan pieces that drop in
  568.72	 3.52	the servants quarters those are going to
  570.72	 5.04	be really hard to get because you need a
  572.24	 4.32	full raid to clear it um these
  575.76	 4.56	the
  576.56	 5.28	ilidari cloak is a boe so just naturally
  580.32	 4.88	lots of people are going to be uh
  581.84	 5.20	killing this um mob in the open world
  585.20	 3.36	and if they do get a plus shadow damage
  587.04	 3.44	cloak they are most likely going to be
  588.56	 2.88	selling it so
  590.48	 3.36	uh
  591.44	 4.24	buying the cloak is going to be a lot
  593.84	 4.96	easier to get than farming the other
  595.68	 5.36	pieces so i did choose to include it in
  598.80	 4.32	the best and slot guide because you have
  601.04	 4.80	a lot better shot at getting this than
  603.12	 5.36	most of the other pieces so
  605.84	 4.08	this is uh gives a plus a random enchant
  608.48	 3.92	for plush shadow damage and it's going
  609.92	 5.04	to be plus 47 shadow damage so it's more
  612.40	 4.08	than you can get from any other cloak
  614.96	 4.00	and you're gonna have that two percent
  616.48	 3.76	reduced threat in chain on there
  618.96	 3.52	for your chest you're gonna have your
  620.24	 4.80	tier five chest shroud of the avatar
  622.48	 4.72	plus thirty stand plus thirty into plus
  625.04	 4.80	twenty spirit and that plus fifteen
  627.20	 5.68	spirit enchant on it three plus nine
  629.84	 6.80	spell damage gems this piece gives plus
  632.88	 5.20	19 spell hit and 55 damage and healing
  636.64	 4.00	great piece
  638.08	 5.04	this piece is going to drop off of kale
  640.64	 4.64	those in the eye so the head and the
  643.12	 4.96	chest drop both drop off of the last
  645.28	 5.52	bosses of um of their respective
  648.08	 4.24	instances so unless you're in a great
  650.80	 3.60	guild that's going to be 100
  652.32	 3.84	consistently farming this every week
  654.40	 4.00	you're probably not going to have a shot
  656.16	 6.56	at this until a little later on in the
  658.40	 6.56	phase but it still is your best in slot
  662.72	 5.28	your bracers the illidari bindings same
  664.96	 6.08	thing as the cloak these drop off of a
  668.00	 4.80	world mob and it has a chance to drop a
  671.04	 3.84	gear with a random enchant you want the
  672.80	 5.44	plus shadow damage enchant these give
  674.88	 6.08	plus 47 damage as well and then you're
  678.24	 4.48	gonna have the plus 15 spell damage
  680.96	 3.36	enchant on the bracers
  682.72	 4.16	your weapon
  684.32	 7.76	you are going to be aiming for the
  686.88	 7.60	merciless gladiators gavel so this piece
  692.08	 3.76	is going to be a little bit tougher to
  694.48	 3.04	get
  695.84	 3.68	in the sense that you're going to have
  697.52	 3.28	to grind for it a little bit and you're
  699.52	 2.64	really going to have to try to get it
  700.80	 3.04	but the good thing is is you're
  702.16	 4.08	guaranteed to get this
  703.84	 4.80	um after a certain amount of time um
  706.24	 5.04	this is going to be the arena weapon
  708.64	 7.36	it's going to give plus 27 stand plus 18
  711.28	 7.04	in 15 hit rating 18 resilience and 225
  716.00	 4.08	damage and healing and then i forgot to
  718.32	 4.00	put it but you're gonna have that soul
  720.08	 5.12	frost in chain on there which is the
  722.32	 4.88	plus 54 shadow damage this is this is
  725.20	 4.80	better than the prince dagger this is
  727.20	 5.12	better than the other dagger that drops
  730.00	 4.00	off of the world boss in phase one um
  732.32	 3.36	this is what you should be aiming for
  734.00	 4.48	one hundred percent if you don't have
  735.68	 4.64	the prince dagger your offhand is gonna
  738.48	 3.60	be orb of the soul eater same it's the
  740.32	 4.00	same as phase one you're from badges
  742.08	 3.92	this is one of the easiest pieces to get
  744.32	 2.96	probably one of your first pieces that
  746.00	 4.56	you're gonna get
  747.28	 4.64	uh gloves soul eaters hand wraps so
  750.56	 3.44	you're gonna be wearing four out of five
  751.92	 3.76	tier five and the piece we're gonna omit
  754.00	 5.28	are the gloves but we're gonna use the
  755.68	 6.00	soul eaters hand wraps instead plus 31
  759.28	 4.80	stand plus 24 and the plus 20 spell
  761.68	 4.24	damage in chain on there two plus nine
  764.08	 5.36	spell damage gems
  765.92	 6.96	21 crit and 36 damage and healing you
  769.44	 5.68	could also get um let's say a pair of
  772.88	 5.20	plus green shadow damage gloves with the
  775.12	 3.84	plus 60 on it does give more damage than
  778.08	 3.20	this
  778.96	 5.76	but um you're only giving up a little
  781.28	 7.76	bit of spell damage to gain 21 crit 31
  784.72	 5.84	stam and 24 inch so these are um most
  789.04	 4.32	likely better
  790.56	 5.04	in most cases than the green plus shadow
  793.36	 5.60	damaged gloves so the soul eaters hand
  795.60	 5.20	wraps um are good off of magtheridon
  798.96	 3.12	what you should be aiming for if not the
  800.80	 2.88	uh i forget what they're called off the
  802.08	 4.56	top of my head but from the first boss
  803.68	 5.04	of karazhan off of otsumen those gloves
  806.64	 4.40	are just minimally worse than the soul
  808.72	 3.20	eaters hand wraps as well
  811.04	 4.40	next
  811.92	 6.88	the belt of blasting so this is a new
  815.44	 4.96	boe crafted piece um the pattern drops
  818.80	 4.16	into ssc
  820.40	 4.80	um this is going to be your best and
  822.96	 4.40	slot belt and it is crafted
  825.20	 4.56	um if you scroll down here we can see
  827.36	 5.04	it's going to cost two nether vortex so
  829.76	 4.24	these are a new uh region they drop off
  832.40	 5.12	of a hundred percent they drop off of
  834.00	 5.36	the last bosses in ssc and tk so you
  837.52	 3.60	hundred percent get one off of lady v
  839.36	 3.84	and you hundred percent get one off of k
  841.12	 5.60	those they also have random chance to
  843.20	 4.56	drop off of trash as well they are bop
  846.72	 3.28	however
  847.76	 4.24	so you do need to feed these two people
  850.00	 4.16	with the patterns other than the two
  852.00	 4.88	nether vortex the mats are relatively
  854.16	 3.92	simple just four and a bolt of imbued
  856.88	 3.52	netherweave
  858.08	 5.28	15 primal fire so gonna be a little
  860.40	 6.24	pricey but nothing crazy um if you're in
  863.36	 4.80	a loot council guild i definitely let
  866.64	 3.20	and and excuse me if you're in a loot
  868.16	 4.16	council guild and the recipe the belt of
  869.84	 3.60	blasting recipe drops definitely let
  872.32	 3.04	your guild
  873.44	 4.08	leader know you want it over other
  875.36	 4.88	pieces so they can maybe prioritize
  877.52	 4.24	another vortex is for you if not i'm
  880.24	 4.08	sure they're going to be people selling
  881.76	 4.32	it for a very hefty price but you should
  884.32	 3.76	ultimately be
  886.08	 3.76	aiming for the belt of blasting in the
  888.08	 3.84	long run
  889.84	 3.28	uh the legs tier five legs leggings of
  891.92	 4.88	the avatar
  893.12	 6.32	37 stand 36 and 26 spirit
  896.80	 5.36	the uh spell thread on there plus 35
  899.44	 5.68	spell damage uh only one socket so we're
  902.16	 5.68	going to have one a gem in there 25 hits
  905.12	 5.20	18 crit 54 damage and healing generally
  907.84	 4.08	the legs are just amazing pieces and
  910.32	 3.04	they have lots of stats on it and this
  911.92	 3.12	does not disappoint
  913.36	 3.36	so this is going to be the last piece of
  915.04	 5.44	your four set so again you're going to
  916.72	 5.44	have your hood your shoulders your chest
  920.48	 4.48	and your legs
  922.16	 3.84	and your boots frozen shadow weave boots
  924.96	 2.96	there are
  926.00	 4.16	no other boots that give more
  927.92	 3.28	plus shadow damage than these so even
  930.16	 2.88	though you're not going to be wearing
  931.20	 5.20	the full set anymore the boots are still
  933.04	 6.16	worth it plus 9 inch plus 15 stamp
  936.40	 5.92	board speed enchant 2 plus 9 spell
  939.20	 5.84	damage gems and then that plus 57 shadow
  942.32	 5.36	damage which is really good so let's get
  945.04	 5.04	on to the rings finally
  947.68	 5.76	shadow priests get new rings the good
  950.08	 4.40	news is we get new rings the bad news is
  953.44	 4.32	literal
  954.48	 6.00	uh plus one or plus two spell damage
  957.76	 4.88	upgrade over what's available so
  960.48	 5.04	and the other bad thing is is they both
  962.64	 4.80	drop off of uh the last bosses of the
  965.52	 3.84	instances as well so first we have the
  967.44	 2.96	ring of endless coils
  969.36	 3.76	um
  970.40	 4.48	plus 31 stamp plus 22 crit
  973.12	 4.48	37 damage and healing this drops off of
  974.88	 5.04	lady vosh the last boss of ssc this is a
  977.60	 4.32	great ring definitely go for it probably
  979.92	 3.44	one of the pieces you should go for
  981.92	 4.80	first if you're going to just try to
  983.36	 3.36	wait out the tier tokens
  986.88	 4.16	next the band of alar this drops off of
  989.44	 4.80	alar in
  991.04	 6.16	the uh tk excuse me so
  994.24	 6.40	one of the last bosses but plus 24 stand
  997.20	 6.24	plus 23 ins plus 37 damage in healing so
 1000.64	 4.08	they both give 37 damage and healing but
 1003.44	 4.00	the other rings that are currently
 1004.72	 5.52	available in phase one give plus 35 if
 1007.44	 5.52	you have the c'thun ring still c'thun
 1010.24	 5.44	ring is still best in slot through phase
 1012.96	 4.40	2 of tbc isn't that insane who would
 1015.68	 4.72	have thought you'd be wearing classic
 1017.36	 4.96	gear through this long of the game um
 1020.40	 4.16	trinkets i have mac theradon so this is
 1022.32	 4.96	what i was talking about before if
 1024.56	 4.96	darkmoon crusade is going to be in phase
 1027.28	 4.72	two i would put it over the eye of
 1029.52	 5.44	magtheridon but it's not a hundred
 1032.00	 5.60	percent confirmed yet so we're going to
 1034.96	 3.52	have the eye of magthon in the gear
 1037.60	 3.28	guide
 1038.48	 4.16	this drops off of mactheridon plus 54
 1040.88	 4.80	damage and healing
 1042.64	 5.12	equip grants 170 increase spell damage
 1045.68	 4.08	for 10 seconds when one of your spells
 1047.76	 2.96	is resisted so
 1049.76	 3.20	um
 1050.72	 4.08	just people have done the math
 1052.96	 4.16	again big shout out to the shadow priest
 1054.80	 4.08	discord a lot of this information if not
 1057.12	 4.08	most of this information i have gotten
 1058.88	 4.08	from there um it's an awesome resource i
 1061.20	 3.36	highly suggest that i will put the
 1062.96	 3.44	information in
 1064.56	 4.16	the description below
 1066.40	 4.24	but they did the math and darkmoon card
 1068.72	 3.44	crusade is going to be better than i
 1070.64	 3.84	have mac theredom
 1072.16	 5.04	icon of the silver crescent um this is
 1074.48	 5.44	the same as your phase one best in slot
 1077.20	 5.52	this is from your badges 43 damage and
 1079.92	 4.88	healing and this is like an on use toe
 1082.72	 4.64	up trinket
 1084.80	 3.52	plus 155 damage and healing for 20
 1087.36	 2.64	seconds
 1088.32	 4.16	now your wand
 1090.00	 4.96	your phase one best in slot wand was
 1092.48	 6.24	going uh excuse me your phase one best
 1094.96	 5.20	in slot wand was a green plus 25 shadow
 1098.72	 2.72	damage one
 1100.16	 3.84	i personally
 1101.44	 4.32	um used a plus 24 shadow damage one
 1104.00	 4.40	still didn't want to spend that extra
 1105.76	 5.76	300 gold for one damage upgrade
 1108.40	 5.76	but there is a one that is better than
 1111.52	 6.24	all the green ones now um it is called
 1114.16	 7.52	wand of the forgotten star it gives plus
 1117.76	 5.92	11 hit plus 14 crit and plus 23 damage
 1121.68	 4.00	and healing so it does give less damage
 1123.68	 2.72	and healing than the green
 1125.68	 2.88	but
 1126.40	 6.16	you're only giving up two damage and
 1128.56	 7.20	healing for 11 hit and 14 crit which is
 1132.56	 4.08	a great great trade-off
 1135.76	 3.60	so
 1136.64	 5.04	that was the full 100
 1139.36	 4.16	best in slot guide for shadow priests in
 1141.68	 4.32	phase 2 of tbc
 1143.52	 5.28	and next we are going to get into the
 1146.00	 6.00	realistic best in slot guide
 1148.80	 6.16	so here we have the realistic best in
 1152.00	 5.52	slot guide for phase two so again
 1154.96	 6.00	this is a gear set that is minimally
 1157.52	 5.84	worse than the actual best in slot but
 1160.96	 4.96	going to be a lot easier to get and
 1163.36	 4.48	generally what you are realistically
 1165.92	 5.04	going to end up with this is personally
 1167.84	 4.00	what i am going to be aiming for as well
 1170.96	 2.72	so
 1171.84	 3.92	we're going to start off just going down
 1173.68	 4.96	the list again first off we have the
 1175.76	 5.68	cowl of the grand engineer so you'll see
 1178.64	 5.60	on this list i am not including
 1181.44	 4.80	any of the tier five i did that for two
 1184.24	 4.48	reasons the first is that i just talked
 1186.24	 5.12	about it in the last gear set um and the
 1188.72	 5.68	second is i wanted to use this gear set
 1191.36	 5.12	to highlight pieces um that are going to
 1194.40	 3.68	be less contested than the ones you're
 1196.48	 4.00	going to be aiming for
 1198.08	 5.20	like i said earlier your tokens are
 1200.48	 4.72	shared with warriors and druids so
 1203.28	 4.24	you're going to be waiting
 1205.20	 4.72	for most of the tanks to get it and
 1207.52	 3.92	anyone else who wants to get it as well
 1209.92	 3.76	but these pieces are going to be less
 1211.44	 3.92	contested because mages and warlocks are
 1213.68	 2.72	going to be going for their tier tokens
 1215.36	 3.60	as well
 1216.40	 5.44	so you might be able to pick up a couple
 1218.96	 6.48	of these and they're minimally worse
 1221.84	 5.52	than the tier five uh forcep bonus
 1225.44	 3.60	the first of those pieces being the cowl
 1227.36	 5.04	of the grand engineer
 1229.04	 6.88	um this drops off of void reaver and
 1232.40	 5.28	these this gives plus 22 stamina plus 27
 1235.92	 4.56	inch have that uh
 1237.68	 5.12	roon or the shatar in chain on there
 1240.48	 5.28	three sockets which is awesome so three
 1242.80	 5.92	plus nine spell damage gems plus 16 hit
 1245.76	 6.24	plus 35 crit and 53 damage and healing
 1248.72	 6.40	so this is a great piece amazing amazing
 1252.00	 5.20	piece definitely comparable with tier 5
 1255.12	 5.20	just minimally worse it's going to be a
 1257.20	 5.12	lot easier to get than tier 5 and
 1260.32	 3.44	definitely an easy piece that you can
 1262.32	 3.84	pick up there
 1263.76	 5.28	uh next the neck we're going to have the
 1266.16	 4.80	same uh ritzan's lost pendant it's
 1269.04	 4.56	definitely lost for me somewhere in
 1270.96	 5.84	karazhan can't find the thing but it is
 1273.60	 4.88	going to still be your bis
 1276.80	 3.36	i have it in the realistic guide because
 1278.48	 2.88	once it does drop
 1280.16	 2.88	no one is
 1281.36	 3.04	contesting you with it even warlocks
 1283.04	 3.68	don't really want to use this thing so
 1284.40	 5.04	this should just fall right on your lap
 1286.72	 5.12	when you do see it drop next i have the
 1289.44	 4.72	full frozen shadow we've set so i'll
 1291.84	 4.40	just talk about it now still have it
 1294.16	 6.00	like in my last video i said you can
 1296.24	 6.64	wear this through uh the full phase two
 1300.16	 5.04	um it is just minimally worse than the
 1302.88	 4.80	four set tier five
 1305.20	 5.28	by now i'm assuming most of you already
 1307.68	 5.84	have a full frozen shadow we've set
 1310.48	 3.92	fully gemmed and fully enchanted so you
 1313.52	 3.36	can
 1314.40	 6.80	generally wear this
 1316.88	 6.64	until you get your tier 5 uh set bonus
 1321.20	 3.36	so the full frozen shadow weave is still
 1323.52	 2.88	going to be
 1324.56	 2.72	good for the most part through the whole
 1326.40	 3.04	phase
 1327.28	 4.80	next i have the royal cloak of the
 1329.44	 5.36	sunstriders this is going to drop off of
 1332.08	 6.00	kale those so it does drop off of the
 1334.80	 6.72	last boss but it is a lot easier to get
 1338.08	 6.32	in my opinion than the illidari cloak
 1341.52	 4.32	you could wear a green plus shadow
 1344.40	 3.84	damage cloak
 1345.84	 4.16	with a plus 45 which is the highest you
 1348.24	 4.00	can get but
 1350.00	 5.12	this cloak is just one less and you're
 1352.24	 6.48	giving up one damage and healing to gain
 1355.12	 5.76	27 stem and 22 int which is really good
 1358.72	 5.52	and then you have that plus two reduced
 1360.88	 7.60	threat enchant on there
 1364.24	 7.92	next we have the mindstorm wristbands
 1368.48	 7.44	these drop off of alar in the eye
 1372.16	 6.72	these give plus 13 stand plus 13 and 23
 1375.92	 6.80	crit 36 damage and healing so you could
 1378.88	 6.80	either wear these or you could either
 1382.72	 5.76	wear a green plus shadow damage
 1385.68	 5.20	uh bracers or you could still wear your
 1388.48	 4.56	braces of havoc braces of havoc give
 1390.88	 3.92	plus three damage more than the
 1393.04	 4.00	mindstorm wristbands
 1394.80	 6.56	um and then like i said you could wear
 1397.04	 7.28	the green plus 45 bracers as well
 1401.36	 6.56	these pieces are gonna be probably
 1404.32	 4.56	easier to get than the blue illidari boe
 1407.92	 3.44	pieces
 1408.88	 6.08	on grabbulus i've only seen a couple of
 1411.36	 5.44	the cloaks and they have both been above
 1414.96	 5.12	2000 gold
 1416.80	 4.72	i haven't seen the bracers yet so you
 1420.08	 3.36	should probably
 1421.52	 4.96	in the back of your mind just assuming
 1423.44	 4.88	you're not gonna get the blue boe pieces
 1426.48	 4.72	but the good news is is these are just
 1428.32	 6.48	minimally worse one or two or three
 1431.20	 5.84	damage worse so don't stress over it
 1434.80	 5.20	for the weapon we're going to have the
 1437.04	 4.72	navrazim mine blade or as most of you
 1440.00	 3.84	call it the prince dagger
 1441.76	 6.72	drops off of prince and carries
 1443.84	 6.56	18 stam 18 int 23 crit 203 damage and
 1448.48	 4.16	healing this is what you should be
 1450.40	 4.80	wearing until you get that merciless
 1452.64	 4.88	gladiators mace
 1455.20	 4.48	if you don't have this yet a lot of
 1457.52	 4.32	people still have not seen this drop
 1459.68	 3.84	so if you don't have the prince dagger
 1461.84	 3.68	yet unfortunately you're still just
 1463.52	 4.32	gonna have to use that
 1465.52	 4.24	lower city exalted mace and you're just
 1467.84	 3.44	gonna have to stick it out until you see
 1469.76	 4.00	the mine blade drop
 1471.28	 4.80	or until you save up for that merciless
 1473.76	 4.40	gladiator's mace the offhand is still
 1476.08	 4.00	going to be the badge off hand the best
 1478.16	 3.20	you can get and still one of the easiest
 1480.08	 3.20	pieces
 1481.36	 3.52	the gloves i'm still going to put the
 1483.28	 3.20	mag gloves because this is one of your
 1484.88	 4.48	bigger pieces that you could be aiming
 1486.48	 4.00	for off of magtheridon and at this point
 1489.36	 2.88	in the game
 1490.48	 4.24	there's a decent chance that you could
 1492.24	 4.88	get a pair of these easily because most
 1494.72	 4.00	most other classes have it
 1497.12	 4.08	for the belt i have the court of
 1498.72	 5.28	screaming terrors so this is just
 1501.20	 5.04	literally like minimally minimally worse
 1504.00	 3.76	than the belt of blasting just by like a
 1506.24	 3.60	little crit
 1507.76	 3.92	it gives the same amount of damage and
 1509.84	 3.52	healing and it has the same number
 1511.68	 5.20	number of sockets
 1513.36	 5.76	so you could um realistically ignore the
 1516.88	 4.32	belt of blasting if you wanted and just
 1519.12	 5.60	go for the court of screaming tears
 1521.20	 5.60	drops off of the lurker in ssc um
 1524.72	 5.84	34 stamp 15 in
 1526.80	 5.04	two sockets uh 24 hit and 50 damage and
 1530.56	 3.52	healing
 1531.84	 4.16	next we're going to have trousers of the
 1534.08	 5.68	astromancer
 1536.00	 6.32	33 stam 36 and 22 spirit
 1539.76	 6.08	runic spell thread so plus 35 damage
 1542.32	 4.80	enchant three sockets and 54 damage and
 1545.84	 4.96	healing
 1547.12	 6.08	these are a great great pair of pants uh
 1550.80	 5.84	the combination of the frozen shadow
 1553.20	 5.92	weave plus this helmet and these legs is
 1556.64	 5.12	an amazing amount of spell power the
 1559.12	 5.04	fact that the the legs and the helmet
 1561.76	 5.68	give both three sockets
 1564.16	 5.44	is awesome and definitely uh these are
 1567.44	 3.92	going to be less contested than most
 1569.60	 4.00	other pieces you can probably snipe
 1571.36	 5.76	these up pretty easily assuming you're
 1573.60	 5.84	in a dkp guild or um some sort of loot
 1577.12	 5.28	council guild i'm sure no one is going
 1579.44	 6.24	to be competing for these more than the
 1582.40	 5.76	shadow priests um the rings the band of
 1585.68	 3.76	allah so i put the band of alar because
 1588.16	 3.60	you're gonna
 1589.44	 6.32	want to go for either the
 1591.76	 6.08	alar ring or the ssc ring this one is
 1595.76	 4.80	probably a little easier to get and also
 1597.84	 4.32	it gives intellect the lady vosh ring
 1600.56	 4.08	only gives stamina and they give the
 1602.16	 4.08	same amount of damage and healing so i
 1604.64	 3.28	chose to put the band of alar in the
 1606.24	 4.40	realistic
 1607.92	 5.52	um so realistically you're not going to
 1610.64	 5.12	get both of them so i have the cobalt
 1613.44	 6.00	band of tyria ghosa
 1615.76	 5.68	19 stam 17 in 35 damage and healing if
 1619.44	 5.20	you do have the c'thun ring i personally
 1621.44	 4.00	have the c'thun ring um the c'thun ring
 1624.64	 1.84	is
 1625.44	 3.84	still
 1626.48	 6.08	one of your best pieces minimally worse
 1629.28	 5.92	than the band of olar and the lady
 1632.56	 3.92	voshring and that's just stats wise
 1635.20	 2.48	gives the same amount of damage and
 1636.48	 3.20	healing and that's what we care about
 1637.68	 4.08	anyway so you can if you have the c'thun
 1639.68	 4.24	ring you can replace the cobalt band
 1641.76	 4.96	with the c'thun ring um i have mac
 1643.92	 4.72	theredon again um if darkmoon crusade is
 1646.72	 5.44	in the game you're gonna want to go for
 1648.64	 5.36	that and that is um just by buying it so
 1652.16	 3.04	you can get the darkmoon card crusade
 1654.00	 3.68	easily
 1655.20	 4.56	if not i have mac theradon i would use
 1657.68	 3.12	instead and go for that
 1659.76	 2.96	trinket
 1660.80	 3.44	icon of the silver crescent same thing
 1662.72	 3.60	this is your badge trinket this is your
 1664.24	 4.24	best trinket you can get this on your
 1666.32	 4.16	own time easy to get piece
 1668.48	 3.44	and last we still have the wand of the
 1670.48	 3.60	forgotten star
 1671.92	 5.04	um this is one of the other pieces that
 1674.08	 6.56	you should be going for i personally am
 1676.96	 5.52	going to wait for the tier 5 tokens to
 1680.64	 4.88	become available
 1682.48	 6.24	in the meantime i'm going to aim for the
 1685.52	 5.60	head and the legs because in my guild
 1688.72	 3.92	personally i know that the warlocks want
 1691.12	 4.72	their tier tokens
 1692.64	 4.64	and we use an epgp loot system so
 1695.84	 3.36	they're not going to want to waste their
 1697.28	 4.64	epgp on
 1699.20	 4.48	these pieces so i'm hoping that i just
 1701.92	 3.60	see these drop and they fall right on my
 1703.68	 4.56	lap if not
 1705.52	 4.48	i have spell strike most of you probably
 1708.24	 3.60	have spell strike this is probably a
 1710.00	 4.24	good time to mention spell strike um
 1711.84	 5.12	it's still fine if you want to if spell
 1714.24	 5.28	strike is minimally worse than these two
 1716.96	 5.68	so if you want to put your loop priority
 1719.52	 5.44	elsewhere and go for the rings first
 1722.64	 4.16	go for it you can use spell strike and
 1724.96	 4.56	frozen shadow we've probably for the
 1726.80	 5.20	whole phase and still be fine
 1729.52	 5.68	all of the upgrades um
 1732.00	 6.48	in this phase are very minimal
 1735.20	 6.08	minus the darkmoon card if it comes out
 1738.48	 5.84	and the belt of blasting everything else
 1741.28	 6.96	is just a very very minimal upgrade
 1744.32	 7.68	minus tier 5 looking awesome so this was
 1748.24	 7.68	the phase 2 realistic best in slot gear
 1752.00	 6.08	guide so that was the full 100 percent
 1755.92	 4.72	best in slot gear guide for shadow
 1758.08	 4.64	priest in phase 2 of tbc
 1760.64	 4.80	i'm super excited to get back into
 1762.72	 5.36	serpent tran cavert and tempest keeping
 1765.44	 6.16	relive these bosses some of my most
 1768.08	 5.44	vivid memories of playing tbc are doing
 1771.60	 4.72	serpent trying cavern and i'm super
 1773.52	 4.72	excited to relive it
 1776.32	 4.88	let me know if you guys have any
 1778.24	 5.60	suggestions for videos in the future if
 1781.20	 6.16	you have any questions about this gear
 1783.84	 6.64	set or any of my gear choices i am going
 1787.36	 6.08	to have a link down below to the 70
 1790.48	 5.84	upgrades links so you can all
 1793.44	 3.92	click through and look through my gear
 1796.32	 3.44	choices
 1797.36	 4.64	again a huge huge shout out to the
 1799.76	 4.32	shadow priest discord
 1802.00	 4.64	it's a super informative on there
 1804.08	 4.24	there's always discussion going if you
 1806.64	 3.68	play a shadow priest or you want to know
 1808.32	 4.80	anything about shadow priests i
 1810.32	 4.88	definitely suggest joining it
 1813.12	 4.96	if you like shadow priests content and
 1815.20	 4.00	you want to see more tbc shadow priest
 1818.08	 3.36	content
 1819.20	 3.60	leave a like leave a comment and leave a
 1821.44	 3.28	subscribe
 1822.80	 5.36	and other than that
 1824.72	 3.44	i'll see you on azeroth guys
