    1.76	 6.48	yo not here and yes
    4.64	 5.60	it is the phase two loop bias video
    8.24	 3.68	it's gonna be long but i'll do my best
   10.24	 2.56	to get through it without too much
   11.92	 2.88	slowness
   12.80	 3.76	and we're here in that grand in a really
   14.80	 2.80	wonderful spot which you'll see the
   16.56	 3.44	value to
   17.60	 3.36	i presume in the scope of this video
   20.00	 3.84	just as a little
   20.96	 3.52	addition just as a quick disclaimer
   23.84	 3.76	before
   24.48	 5.20	we get underway this is not the only
   27.60	 3.60	factor i can't know if jimmy hasn't had
   29.68	 4.24	an upgrade for four weeks
   31.20	 4.56	or that timmy is a goddamn slacker it's
   33.92	 4.32	not the scope of this video
   35.76	 3.52	the only context i can feasibly discuss
   38.24	 3.68	with you is the spec
   39.28	 3.28	they play and the loot value to that
   41.92	 2.80	spec
   42.56	 3.76	so take everything with a pinch of salt
   44.72	 4.64	use it as a tiebreaker
   46.32	 6.32	rather than gospel without the way
   49.36	 5.84	let's get stuck in with sse and hydros
   52.64	 3.68	and right away we've got robe of hateful
   55.20	 3.60	echoes
   56.32	 4.08	at first glance it's just a great item
   58.80	 3.84	right pretty solid
   60.40	 4.88	the big thing here though is that it's
   62.64	 3.28	exceptionally close to elemental shaman
   65.28	 2.80	biss
   65.92	 3.04	whilst being pretty good for all the
   68.08	 2.96	other specs
   68.96	 4.00	that are in the investments of the sea
   71.04	 3.28	witch waiting room
   72.96	 3.76	now we're going to see what those specs
   74.32	 4.24	are later on but just to go through real
   76.72	 4.00	quick the value of this robe
   78.56	 3.12	is because the hit rating on vessens of
   80.72	 3.76	the sea witch
   81.68	 4.88	is effectively dead on elemental shamans
   84.48	 5.28	this is exceptionally close
   86.56	 4.40	to vestments so this to my mind is an
   89.76	 4.24	aggressive prior
   90.96	 3.76	to your elemental or elementals in your
   94.00	 4.08	raid group
   94.72	 3.92	it's just really good for them alongside
   98.08	 3.68	this
   98.64	 5.36	your shadow based warlocks will probably
  101.76	 3.92	be able to use this pretty well until
  104.00	 2.80	they get their hands on investments of
  105.68	 3.84	the sea witch
  106.80	 3.36	but again spoiler alert their claim to
  109.52	 2.96	vestments
  110.16	 4.64	is a bit higher quite a bit higher so
  112.48	 4.16	keep that in mind
  114.80	 3.44	and overall this is pretty much going to
  116.64	 3.92	go to your elementals first
  118.24	 3.12	and then anyone who can kind of utilize
  120.56	 4.24	it as a nice
  121.36	 5.36	upgrade wraps of purification
  124.80	 3.52	most healers are going to view these as
  126.72	 3.84	a downgrade
  128.32	 4.16	compared to the keepers of time braces
  130.56	 2.24	whilst all healers have better options
  132.48	 3.28	from
  132.80	 5.60	other bosses so go anywhere here more of
  135.76	 5.28	a catch-up item
  138.40	 4.24	boots of shifting nightmare these are
  141.04	 3.76	roughly equal
  142.64	 3.36	to shadow weave boots provided the
  144.80	 3.92	shadow based caster
  146.00	 4.32	needs to hit so basically you're looking
  148.72	 3.52	at your shadow locks
  150.32	 3.12	that you know don't have frozen shadow
  152.24	 2.88	weave or
  153.44	 3.60	you know want the extra hit to make
  155.12	 4.24	their gearing time easier
  157.04	 5.12	shutter priest can use these but the hit
  159.36	 4.64	is pretty hard to factor in
  162.16	 3.84	so now we're on to shoulder pads of the
  164.00	 2.72	stranger and you may have heard about
  166.00	 3.44	these ones
  166.72	 4.40	already they're pretty high value pretty
  169.44	 4.88	high contestation
  171.12	 5.52	and before i get into this real quick
  174.32	 4.96	this is a loose priority here other
  176.64	 4.24	merits are probably more impactful here
  179.28	 3.84	obviously i put the disclaimer at the
  180.88	 3.52	start of the video but in this kind of
  183.12	 4.40	case where the item is
  184.40	 3.60	pretty high value it's more than fair to
  187.52	 2.64	use
  188.00	 3.52	way different factors other than class
  190.16	 4.56	and spec
  191.52	 6.64	so these are bits for rep paddlings
  194.72	 4.48	enhanced shamans likely dps warriors but
  198.16	 3.76	it's pretty close
  199.20	 4.16	they do form part of one of the best
  201.92	 4.00	setups for rogues
  203.36	 4.48	there's two abyss rogue sets essentially
  205.92	 4.16	and this factors into one of them
  207.84	 4.40	there's an important caveat to this item
  210.08	 5.76	though expertise as
  212.24	 6.56	a stat rounds down based on 3.94
  215.84	 4.00	rating per one expertise on your
  218.80	 3.36	character sheet
  219.84	 3.60	so as an example if you had three
  222.16	 4.56	expertise rating
  223.44	 4.56	you'd actually gain nothing no expertise
  226.72	 3.60	on your character sheet
  228.00	 4.32	and for some specs shoulder pads of the
  230.32	 4.40	stranger have closed competitors
  232.32	 3.52	that mean you'd need to not get any
  234.72	 3.28	rounding down
  235.84	 4.40	on the overall expertise on these
  238.00	 4.64	shoulders for them to actually be
  240.24	 3.76	better than the second best option if
  242.64	 4.24	that makes sense
  244.00	 4.64	essentially if you can't maximize most
  246.88	 2.56	of the 10 expertise rating on these
  248.64	 3.20	shoulders
  249.44	 4.00	into actual expertise on the character
  251.84	 4.40	sheet they fall behind
  253.44	 4.88	the second best option for both waterers
  256.24	 3.60	and rogues at least to my understanding
  258.32	 3.28	because they have very good options in
  259.84	 4.88	tier five shoulders
  261.60	 3.68	and as such it'd be a massive ball leg
  264.72	 2.48	to actually
  265.28	 3.52	calculate people's expertise which you
  267.20	 3.92	could do so if you wish
  268.80	 4.48	but as a general statement i would lean
  271.12	 4.24	towards enhance and retire
  273.28	 3.28	whose second best options are
  275.36	 3.44	comfortably below
  276.56	 4.32	shoulder pads of the stranger and thus
  278.80	 4.48	rounding down will not cause them
  280.88	 4.80	to be below the second best option at
  283.28	 4.32	any stage of phase two gearing
  285.68	 3.44	a very important note though is that
  287.60	 3.52	from a raid perspective
  289.12	 3.68	you want your enhance to hold on to the
  291.12	 4.00	two-piece tier four bonus
  292.80	 3.76	as long as possible which typically
  295.12	 3.20	involves shoulders
  296.56	 4.32	a lot of enhanced shamans after a few
  298.32	 3.28	weeks converged on the assumption or the
  300.88	 3.44	knowledge
  301.60	 3.60	that shoulders form part of the best
  304.32	 3.52	two-piece
  305.20	 3.84	setup so if you're asking them to hold
  307.84	 3.36	on to it
  309.04	 3.92	you may want to go rep paddled in first
  311.20	 4.00	here but either way
  312.96	 3.28	rhett and enhance are very good picks
  315.20	 4.64	here as your first
  316.24	 5.68	priority now on top of this
  319.84	 4.16	rogues have a setup that is basically
  321.92	 3.12	equivalent to a shoulder pads of the
  324.00	 3.68	stranger set up
  325.04	 3.60	that uses blood sea briganz vest as the
  327.68	 3.44	fifth piece
  328.64	 3.28	alongside four piece tier five i would
  331.12	 3.52	therefore
  331.92	 4.96	put rogues behind warriors since blood c
  334.64	 5.28	is not as contested as the shoulders
  336.88	 5.52	and is a very good item for rogues as
  339.92	 4.64	alliance this is even more compelling as
  342.40	 4.48	far as min maxing on class goes
  344.56	 3.52	thanks to the human racial pushing them
  346.88	 3.60	close to soft cap
  348.08	 4.40	without too much help as a quick note
  350.48	 2.56	though frail jurors should be nowhere
  352.48	 2.64	near this
  353.04	 3.44	they use tier v four piece with wolf
  355.12	 4.32	heads as their
  356.48	 4.96	dps set or they'll use searing grip or
  359.44	 2.64	deafness in the glove slot if they're
  361.44	 2.96	tanking
  362.08	 4.08	and want a little bit extra of juice to
  364.40	 2.96	summarize my personal thoughts on the
  366.16	 3.76	priority
  367.36	 3.28	rhett and enhancer at the top though you
  369.92	 2.88	probably lean
  370.64	 4.00	right if the enhance is still using
  372.80	 3.76	two-piece tier four and doesn't have
  374.64	 4.00	the replacement ready to go in other
  376.56	 4.16	slots followed by a warrior
  378.64	 4.00	followed by rogue but between the three
  380.72	 4.24	specs you want to give this to
  382.64	 4.40	it's more than reasonable to forgo class
  384.96	 4.64	priority and go on other merits
  387.04	 3.36	nobody is going to be super upset if you
  389.60	 3.04	give these
  390.40	 3.28	to say a really big fury warrior that's
  392.64	 2.80	blasting
  393.68	 3.68	and you know it actually turns out that
  395.44	 2.64	you know he can use all of the expertise
  397.36	 3.04	etc
  398.08	 3.92	so just keep that in mind but i would
  400.40	 4.08	lean rhett and enhance here
  402.00	 4.64	black fathom war bands these are sick
  404.48	 3.12	essentially biss for resto shaman and
  406.64	 3.84	holy palin
  407.60	 3.76	the upgrade over windhawk is smaller for
  410.48	 2.96	holy pala
  411.36	 4.40	than rest of shaman if they happen to
  413.44	 4.32	have them so maybe slightly leaning
  415.76	 5.04	towards that rest of shaman pryo
  417.76	 6.88	but generally it's just best for both so
  420.80	 5.76	either works okay so ranger general's
  424.64	 4.32	chest guard is a pretty decent item
  426.56	 3.76	but can generally go anywhere where it's
  428.96	 4.08	a big upgrade
  430.32	 3.44	if hit is not needed by your retribution
  433.04	 2.64	paladin
  433.76	 4.32	this is actually the best chess piece
  435.68	 3.76	they can use so it's probably best put
  438.08	 3.44	there regardless
  439.44	 3.12	given the general lack of interest
  441.52	 3.12	elsewhere
  442.56	 4.88	but i will say though retribution
  444.64	 5.04	paladins are typically aiming for tier 5
  447.44	 3.44	or kraken heart breastplate and dropping
  449.68	 3.60	here elsewhere
  450.88	 3.52	but rhett is definitely the best
  453.28	 3.92	recipient for this
  454.40	 4.32	as you head into early phase two raid
  457.20	 4.56	weeks
  458.72	 5.28	bright home of justice is pretty much
  461.76	 3.76	a void crystal most of the time it's
  464.00	 3.36	more of a catch-up item
  465.52	 3.84	the lack of a metagem is pretty
  467.36	 5.12	problematic but it's not awful
  469.36	 5.68	it's okay so if it is an upgrade awesome
  472.48	 4.72	just your holy palette though obviously
  475.04	 4.88	portraits of the war dancer now these
  477.20	 4.72	are again one of those items that you
  479.92	 3.36	know offer a very good alternative to
  481.92	 2.72	shoulder pads of the stranger for
  483.28	 3.60	warriors in particular
  484.64	 4.40	but also they're not too bad on rep
  486.88	 4.08	pallies too of course so
  489.04	 3.52	overall it doesn't matter which ones you
  490.96	 3.92	go with here
  492.56	 3.92	you're probably going to go for tier 5
  494.88	 4.72	shoulders a little bit higher
  496.48	 5.36	on your warriors compared to your rats
  499.60	 3.60	but overall it's just one of those stop
  501.84	 5.52	gap items that are
  503.20	 6.72	close but not quite there
  507.36	 4.64	this moves us on to ring of lethality
  509.92	 4.48	and this ring is quite contested it's
  512.00	 5.20	bis for rogues and enhanced shaman
  514.40	 3.36	and probably feral but there is you know
  517.20	 1.84	some
  517.76	 3.84	question marks over whether you can
  519.04	 3.92	switch around for the stats ring that
  521.60	 3.36	we'll see later on
  522.96	 4.00	but generally those are the three specs
  524.96	 4.00	that really really want this ring
  526.96	 3.76	and i would lean rogue here just because
  528.96	 3.76	of the sheer amount of hit
  530.72	 3.28	they consistently need but i wouldn't
  532.72	 4.16	think too hard based on
  534.00	 3.92	class here just ensure that your rogues
  536.88	 3.04	and enhance
  537.92	 3.04	are slightly ahead of others because
  539.92	 2.96	other specs have
  540.96	 3.36	better ring combinations that don't
  542.88	 4.64	contain this one
  544.32	 4.08	or if this is this for them it's very
  547.52	 3.76	very close
  548.40	 4.32	as in the case of pharaoh this moves us
  551.28	 4.72	to band of vile aggression
  552.72	 5.60	it's not a pv item so it can go anywhere
  556.00	 3.76	it's probably avoid crystal more often
  558.32	 4.32	than not though
  559.76	 4.40	living root of the wild heart is pretty
  562.64	 5.20	much a void crystal
  564.16	 5.12	too it's just a bad proc for all specks
  567.84	 4.96	and forms of druid
  569.28	 6.24	it's just not that good it can be okay
  572.80	 4.64	for balance if you're really you know
  575.52	 5.04	whipping out a fresh boomkin
  577.44	 6.88	but honestly it's pretty bad
  580.56	 5.68	scarab of displacement now this is okay
  584.32	 3.68	it's best suited to your paladin if they
  586.24	 3.92	need the extra defense
  588.00	 3.28	but this is not going to feature in any
  590.16	 3.12	biz setups
  591.28	 3.52	so just give it to whoever wants it
  593.28	 4.56	really but i can't imagine
  594.80	 5.20	the demand is too high this brings us to
  597.84	 5.20	phasm stone now and it's a very good
  600.00	 3.52	offhand but not too far ahead of the
  603.04	 2.88	badge
  603.52	 3.12	vendor offhands the notable exception
  605.92	 2.72	being the
  606.64	 3.84	fire based offhand from the badge bender
  608.64	 4.24	which is ever so slightly
  610.48	 3.92	better than this as such you're not
  612.88	 3.36	going to give this to your main spec
  614.40	 2.72	fire mages or your main spec fire
  616.24	 4.16	warlocks
  617.12	 5.84	whilst i would give a very slight prio
  620.40	 3.68	to your elemental shaman over arcane and
  622.96	 3.60	the shadow boys
  624.08	 3.20	because the crit is even more valuable
  626.56	 4.16	to them
  627.28	 6.08	than knapsack or the bad shield so
  630.72	 4.56	it's very close it can go to pretty much
  633.36	 3.52	anyone that isn't fire based
  635.28	 3.12	because the fire off hand is really
  636.88	 4.16	really good from badges
  638.40	 3.52	but i would give a tiny leaning towards
  641.04	 3.92	elemental
  641.92	 5.12	if we're talking just spec i love the
  644.96	 4.80	crescent goddess
  647.04	 4.04	it's just not good enough simple as that
  649.76	 3.92	it's a void crystal
  651.08	 3.56	99.9 of the time you might get some
  653.68	 2.64	value from it
  654.64	 3.52	if you have a second wrestler druid
  656.32	 2.40	that's spamming regrowth as opposed to
  658.16	 2.16	using
  658.72	 4.24	you know the standard lifebloom
  660.32	 4.80	rotations but overall this is
  662.96	 3.28	just not where you want to be and this
  665.12	 5.04	brings us to the
  666.24	 5.04	lurker below first things first is that
  670.16	 3.52	chord screaming terrors
  671.28	 3.28	is a great belt but it's mostly a
  673.68	 2.88	placeholder
  674.56	 3.44	until that caster crafts belt of
  676.56	 4.88	blasting this is
  678.00	 6.80	a boe that is crafted with a raid drop
  681.44	 5.84	pattern which uses the vortexes
  684.80	 4.24	it is essentially just really really far
  687.28	 4.24	ahead of all the other options
  689.04	 4.16	but this isn't too bad so it's pretty
  691.52	 2.96	good but i wouldn't give a class based
  693.20	 4.40	prior because pretty much
  694.48	 5.04	all casters use belt of blasting
  697.60	 3.44	now we're on to velvet boots of the
  699.52	 4.16	guardian and they are
  701.04	 4.40	great for most casters they are worse
  703.68	 4.32	than boots of blasting
  705.44	 4.48	but they do require tailing to craft and
  708.00	 2.72	then to equip because they are bind on
  709.92	 4.32	pickup
  710.72	 6.56	as such they are the best on non-tailor
  714.24	 3.76	boomkins arcane mages but in particular
  717.28	 3.36	these are
  718.00	 3.92	straight biss for your elemental shamans
  720.64	 4.48	just outright biss
  721.92	 5.12	for elemental so you will go there first
  725.12	 3.28	but other than elemental you're looking
  727.04	 3.28	at non-tailors
  728.40	 3.76	and particularly boomkin and arcane
  730.32	 4.96	mages who get a little bit of value
  732.16	 3.44	out of that spirit it's pretty typical
  735.28	 2.48	though
  735.60	 4.40	few majors to be tailors so you're
  737.76	 3.12	probably going like elemental shaman
  740.00	 3.36	boomkin
  740.88	 3.20	and whoever else needs them because most
  743.36	 2.00	people
  744.08	 3.84	are going to be getting boots of
  745.36	 6.00	blasting now we're on to grove band
  747.92	 5.84	of remulos residred this but not too
  751.36	 4.08	amazing for rest of shaman or holy pala
  753.76	 4.96	who want the hydros braces
  755.44	 4.96	as such it's just russell druid all day
  758.72	 3.04	this brings us to boots of effortless
  760.40	 4.16	striking and
  761.76	 4.40	these are essentially a void crystal
  764.56	 4.80	unless there's some pvp
  766.16	 6.64	applications for the high stamina
  769.36	 3.92	temper strider boots our temper strider
  772.80	 2.56	boots
  773.28	 4.72	are not dreadful but they are not as
  775.36	 4.72	good as forest lord striders kazak boots
  778.00	 5.20	or alcoholide boots that we're going to
  780.08	 5.68	see from leotharis in just a moment so
  783.20	 3.12	more of a catch-up item restaurant holy
  785.76	 4.72	pala
  786.32	 6.56	simple speaking of catch-up items
  790.48	 3.04	this is essentially the same thing but a
  792.88	 2.48	lot
  793.52	 3.36	worse it's got a lot of crit which might
  795.36	 3.76	be appealing to the
  796.88	 3.20	 fiends amongst the holy pala
  799.12	 3.20	community
  800.08	 3.20	but the low healing is a real bummer no
  802.32	 3.52	gem sockets
  803.28	 3.52	it's mostly a void crystal but can be
  805.84	 3.52	serviceable
  806.80	 3.92	if you've got a fresh holy pala braces
  809.36	 3.20	of eradication
  810.72	 4.16	really really good braces the hit is
  812.56	 4.00	sometimes problematic for arms and reps
  814.88	 4.32	as they cap so easily
  816.56	 4.48	so you're best going fury first here
  819.20	 2.72	because they can always utilize the
  821.04	 2.80	extra hit
  821.92	 3.44	even if they're soft capped following
  823.84	 3.52	that retro arms
  825.36	 3.04	same value provided they need the hit
  827.36	 3.44	rating
  828.40	 3.04	a quick note though rep pallas are going
  830.80	 3.44	to use
  831.44	 3.52	the phase one braces as their abyss and
  834.24	 3.84	i believe
  834.96	 4.72	arms probably two but potentially arms
  838.08	 2.56	will use these but rep pally's
  839.68	 3.68	definitely moistured
  840.64	 4.56	in the hiking mall garbage i think
  843.36	 4.32	they're hiking morgan
  845.20	 4.48	those are gonna be their biss so maybe
  847.68	 3.28	arms ahead depending on how that shakes
  849.68	 3.36	out warriors are still
  850.96	 3.28	a little bit slacking as a timer at the
  853.04	 4.08	time of recording
  854.24	 3.60	on their simulations and this lists but
  857.12	 3.76	overall
  857.84	 5.12	fury first here 100
  860.88	 3.04	this brings us to choker of animalistic
  862.96	 3.84	fury
  863.92	 4.56	solid neck but behind the kale fast neck
  866.80	 4.72	and the trash ssc neck
  868.48	 3.92	for prospective recipients pendant of
  871.52	 4.08	the perilous
  872.40	 4.96	from trash is essentially you know a
  875.60	 3.44	similar similar item so if you're not
  877.36	 2.32	getting lucky with that you're going to
  879.04	 3.20	basically
  879.68	 4.88	copy paste the prior from pendant of the
  882.24	 5.20	perilous when we get there to this one
  884.56	 3.76	which is essentially your rats and your
  887.44	 4.32	warriors
  888.32	 4.72	first but overall if you're getting some
  891.76	 2.56	luck with trash drops
  893.04	 4.48	this is not going to have too much
  894.32	 5.36	demand ancestral ring of conquest is
  897.52	 4.40	actually a deceptively good ring
  899.68	 4.64	this is pretty much a strong prior for
  901.92	 3.36	feral dps's as well as arms warriors and
  904.32	 3.20	rep paladins
  905.28	 4.16	because they often need to drop hit and
  907.52	 3.04	they scale pretty well with primaries
  909.44	 3.44	especially
  910.56	 3.20	feral it's also pretty good for prop
  912.88	 4.00	warriors
  913.76	 5.20	seeking to find some joy on threats but
  916.88	 2.96	sadly proper warriors really do struggle
  918.96	 3.28	to scale
  919.84	 3.84	so this is more of a footnote than
  922.24	 2.80	adding them to the prio
  923.68	 3.68	they're just a decent candidate
  925.04	 5.04	essentially
  927.36	 3.68	a seal of danzala not too relevant for
  930.08	 3.60	pve
  931.04	 5.12	but it is a pretty solid pvp ring so
  933.68	 4.56	maybe not avoid crystal
  936.16	 3.92	now hearing of soulful meditation this
  938.24	 4.88	is obviously just priests
  940.08	 3.92	and it is fantastic to be honest so go
  943.12	 3.04	priest here
  944.00	 3.28	you might want to nitpick based on
  946.16	 3.44	circle of healing or
  947.28	 4.00	ids depending on if you have two holy
  949.60	 3.76	priests or just the one
  951.28	 3.92	um i've heard the circle of healing
  953.36	 2.64	priests are going to lean towards eye of
  955.20	 3.60	gruel
  956.00	 4.00	though this is really close in most
  958.80	 4.00	scenarios
  960.00	 3.68	so overall this is going to go to any
  962.80	 3.44	priest
  963.68	 3.04	but maybe you go improve divine spirit
  966.24	 3.28	priest
  966.72	 4.80	first but it is what it is just a great
  969.52	 4.24	priest drinking
  971.52	 4.00	librarian of absolute truth just not
  973.76	 2.72	worth it pretty much like the regrowth
  975.52	 2.96	idol
  976.48	 4.24	mallet of the tides slam dunk prop
  978.48	 3.84	warrior abyss no one else needs it no
  980.72	 3.84	one else wants it it's
  982.32	 5.04	really good though so straight to your
  984.56	 5.20	prop warrior bob's your uncle
  987.36	 5.20	this brings us to leo there's the blind
  989.76	 4.00	and the orca hyde boots i discussed just
  992.56	 5.92	a moment ago
  993.76	 6.40	these are just shy of the kazakh boots
  998.48	 3.44	and they are the best boots for all
 1000.16	 2.16	three healer specs assuming they don't
 1001.92	 2.88	have
 1002.32	 4.48	those world boss boots the spirit value
 1004.80	 3.44	gives rest the druids an edge here
 1006.80	 3.20	so you probably want to go rest the
 1008.24	 3.84	druid first just for that
 1010.00	 3.36	little bit of min max if we're really
 1012.08	 3.76	you know nitpicking
 1013.36	 3.68	but overall best for all the healers
 1015.84	 3.68	assuming they don't have
 1017.04	 4.56	world boss loot available now we're on
 1019.52	 3.92	to coral barbs shoulder pads and
 1021.60	 4.08	provided they do not break any set
 1023.44	 3.60	bonuses for your rest of shaman or holy
 1025.68	 3.52	paladin for phrase one
 1027.04	 3.28	they are very nice in particular for
 1029.20	 4.72	holy pound they are
 1030.32	 5.44	quite close to this however your rest of
 1033.92	 4.00	shaman is probably going to be attached
 1035.76	 2.56	to that elemental two-piece bonus if
 1037.92	 3.52	they're
 1038.32	 4.64	really min maxing so overall you're
 1041.44	 3.60	going to go holy paler here
 1042.96	 3.52	first just because holy powers can get
 1045.04	 3.28	away with wearing them and they're very
 1046.48	 3.60	close to tier five
 1048.32	 3.76	but overall pretty good for wrestle
 1050.08	 4.08	shaman too though they're
 1052.08	 4.40	probably locked in on that tier 4
 1054.16	 4.56	two-piece elemental bonus
 1056.48	 3.92	true aim stalker bands these are pretty
 1058.72	 2.32	good braces for hunters and enhancement
 1060.40	 2.96	shamans
 1061.04	 3.20	they are either abyss or close to biss
 1063.36	 4.48	depending on
 1064.24	 3.60	exactly the setup you're running
 1068.80	 5.36	i would lean ever so slightly
 1072.00	 3.60	to your enhance here because you
 1074.16	 1.92	probably want to go vamp braces of
 1075.60	 2.80	ending
 1076.08	 4.00	first on your hunters but it's give or
 1078.40	 3.76	take you can go either way here
 1080.08	 4.80	super close but those are the two specs
 1082.16	 2.72	that you really
 1086.00	 3.92	but generally speaking you can't go
 1088.16	 3.92	wrong here both specs
 1089.92	 3.28	will use these pretty well and they're
 1092.08	 5.28	very close to biss
 1093.20	 5.84	if not this this brings us to girdle of
 1097.36	 4.40	the invulnerable it's a good belt
 1099.04	 5.04	very defensive but may be part of a very
 1101.76	 4.88	good uncrushable set for powerlines
 1104.08	 4.80	that said it's quite widely viewed that
 1106.64	 3.28	it's better to use the crafted belt of
 1108.88	 3.52	the guardian
 1109.92	 4.72	prop warrior wise this is good but
 1112.40	 4.40	unlikely to be part of the best setup
 1114.64	 4.00	since the offset pvp pieces for
 1116.80	 3.84	resilience often feature
 1118.64	 5.20	thanks to the strength of shield block
 1120.64	 6.16	for uncrushability
 1123.84	 4.64	now we're on to tsunami talisman and
 1126.80	 3.68	it's big ticket in terms of it's a
 1128.48	 5.60	trinket and people want it
 1130.48	 4.56	but it's 100 overstated in how good it
 1134.08	 3.60	is
 1135.04	 4.08	so do take that in mind right we're
 1137.68	 2.64	going to be yes it's going to be wanted
 1139.12	 3.28	by many
 1140.32	 4.16	but it is a little bit you know talked
 1142.40	 4.96	up way higher than it actually is
 1144.48	 3.92	so it's essentially a better hourglass
 1147.36	 2.96	of the unraveller
 1148.40	 3.04	with similar negatives in terms of
 1150.32	 3.76	internal cooldown
 1151.44	 4.40	and procking off crits only that said
 1154.08	 2.40	it's the second best trinket for many
 1155.84	 3.04	specs
 1156.48	 4.40	behind dst and as such has a lot of
 1158.88	 4.56	demand as mentioned
 1160.88	 3.28	if you sat through my slog of a phase
 1163.44	 3.52	one video
 1164.16	 4.56	you already know that dst prior involved
 1166.96	 2.40	trade-offs with tsunami towers from
 1168.72	 2.24	prior
 1169.36	 3.92	and this is where i'm going to start i
 1170.96	 3.92	made one particular error because the
 1173.28	 4.24	information i had at the time
 1174.88	 4.80	wasn't perfect and that error is that
 1177.52	 4.16	rep powerlines do not want this trinket
 1179.68	 3.84	at all they literally just don't want it
 1181.68	 3.44	so rep powerlines should be more
 1183.52	 3.76	involved in dst
 1185.12	 4.56	than i initially put out in that phase
 1187.28	 4.80	one video
 1189.68	 5.04	and in this case with tsunami they just
 1192.08	 4.80	don't want it so they're out okay
 1194.72	 3.44	with that said it's fair to say that the
 1196.88	 3.92	dst shuns
 1198.16	 4.40	specs get a bit more love here aside
 1200.80	 2.40	from rhett because rex just don't want
 1202.56	 3.12	it
 1203.20	 3.68	feral druids are near the higher end of
 1205.68	 3.68	the discussion here
 1206.88	 4.56	for this reason as are arms warriors
 1209.36	 3.28	it's not too far away from dst for
 1211.44	 4.32	threat as bear
 1212.64	 4.88	and is straight bis for feral dps but
 1215.76	 3.60	not by a large margin and the same can
 1217.52	 4.08	be said for all specs
 1219.36	 3.04	the only curveball as far as feral is
 1221.60	 2.24	concerned
 1222.40	 3.28	is that they are releasing badge of
 1223.84	 5.04	tenacity one phase
 1225.68	 5.84	early so with that
 1228.88	 4.08	unanticipated change it weakens the
 1231.52	 4.48	claim of your druid
 1232.96	 4.64	if they are your main tank or primary
 1236.00	 4.56	off tank you know if they're not
 1237.60	 5.20	doing cats you know if they're not
 1240.56	 4.88	dpsing a whole bunch of the time
 1242.80	 4.40	this does fall off a little bit broach
 1245.44	 4.40	and badge of tenacity
 1247.20	 3.68	is pretty strong as a combo and tsunami
 1249.84	 4.56	talisman is
 1250.88	 4.64	at best a small improvement so overall
 1254.40	 4.00	this is going to go to your
 1255.52	 3.52	cats but not really your bears on
 1258.40	 2.96	average
 1259.04	 4.24	but bears can use it pretty good your
 1261.36	 2.48	arms warriors have been shunned a bit on
 1263.28	 2.72	dst
 1263.84	 5.12	most likely so they're going to be near
 1266.00	 2.96	the top as well
 1269.20	 4.72	so overall in a sort of guild management
 1271.52	 5.76	trade-off with the dst situation
 1273.92	 4.32	i would place monocats alongside arms at
 1277.28	 3.20	the top
 1278.24	 3.12	of the priority here with feral off
 1280.48	 3.20	tanks being
 1281.36	 4.00	sort of in that moderate prior mid
 1283.68	 3.60	middle sort of range
 1285.36	 3.52	a big notable thing though is that if
 1287.28	 4.00	you own dst
 1288.88	 4.00	you should probably like you know forego
 1291.28	 3.84	this for a little while anyway
 1292.88	 4.00	regardless of your spec
 1295.12	 3.52	in terms of rogues a real quick note
 1296.88	 3.68	they prefer warp spring coil
 1298.64	 3.12	and have a high dst prior so they're
 1300.56	 3.60	just completely gone
 1301.76	 3.36	just like rep paladins that leaves us
 1304.16	 3.04	with enhanced
 1305.12	 3.12	hunter and fury warriors to break this
 1307.20	 3.28	trio down
 1308.24	 3.12	i do need to touch on one thing once
 1310.48	 2.88	again
 1311.36	 3.68	and it's a bit of a long-winded thing
 1313.36	 2.80	but it is important to note so bear with
 1315.04	 3.44	me
 1316.16	 3.04	it appears that most sims were simming
 1318.48	 3.84	dst
 1319.20	 4.40	wrong and potentially still are uptime
 1322.32	 4.40	is just too high
 1323.60	 5.92	particularly the warrior sim was
 1326.72	 3.44	in early july twice as much uptime as it
 1329.52	 2.48	should be
 1330.16	 4.00	and that was since acknowledged and
 1332.00	 4.64	changed by the author of the sim tool
 1334.16	 4.24	but the uptime for all class sims is
 1336.64	 3.84	suspiciously close to that of the
 1338.40	 4.48	original mistaken fury sim
 1340.48	 3.60	which suggests most sims are quite a bit
 1342.88	 3.76	off on dsc's
 1344.08	 4.48	actual dps contribution though i think
 1346.64	 2.64	the enhanced and hunter ones have also
 1348.56	 3.76	been fixed
 1349.28	 4.64	now this is not shots fired sim tools
 1352.32	 3.12	are very hard to create
 1353.92	 4.56	i'm just highlighting some of the
 1355.44	 5.84	difficulties faced with dst simming
 1358.48	 4.64	with this dfc difficulty in mind and
 1361.28	 2.88	assuming you haven't been blessed with
 1363.12	 3.44	loads of them
 1364.16	 3.36	i'm going to assume most of your hunters
 1366.56	 3.60	and your fury
 1367.52	 3.36	do not have dst still if this is the
 1370.16	 3.20	case
 1370.88	 3.76	those two would be my personal choice
 1373.36	 4.48	for next recipients
 1374.64	 4.16	after the feral and or arms player with
 1377.84	 3.52	anyone
 1378.80	 3.68	with dst being lower down the priority
 1381.36	 3.68	by default
 1382.48	 7.20	just simply because it's not that big to
 1385.04	 7.20	pick up tsunami over broach
 1389.68	 4.40	and these dst owners are only ahead of
 1392.24	 2.64	rhett and rogue who simply do not want
 1394.08	 3.60	this trinket
 1394.88	 4.24	at all this then leaves us with enhance
 1397.68	 4.00	and the main reason i'm
 1399.12	 4.48	unfortunately very low on my blue boys
 1401.68	 4.32	is that darkmoon card crusade
 1403.60	 3.76	is releasing early much like badge of
 1406.00	 3.68	tenacity
 1407.36	 4.64	this is actually a bit better for them
 1409.68	 2.96	than tsunami tasman for enhance and as
 1412.00	 2.96	such
 1412.64	 3.92	you would ideally want your enhancers to
 1414.96	 4.16	grab the darkmoon deck
 1416.56	 3.28	instead putting them lower on tsunami
 1419.12	 2.56	townsmen
 1419.84	 3.76	it's worth noting though that if the
 1421.68	 3.36	shaman in question isn't going to get
 1423.60	 3.68	dst for some time
 1425.04	 3.12	they are not a bad tsunami talisman
 1427.28	 3.04	recipient
 1428.16	 3.28	it's just how the context is and
 1430.32	 3.60	unfortunately
 1431.44	 3.92	i can't provide you with too much reason
 1433.92	 2.72	to go enhance here
 1435.36	 4.72	unless you're just not going to give
 1436.64	 6.88	them a dst anytime soon
 1440.08	 3.92	to summarize though monocat equal to
 1443.52	 3.68	arms
 1444.00	 4.08	at the top followed by non-dst hunters
 1447.20	 3.68	and non-dst
 1448.08	 3.84	furies followed by your feral off tank
 1450.88	 4.08	and non-dst
 1451.92	 5.68	enhance followed by dst owners
 1454.96	 4.08	followed by your feral main tank because
 1457.60	 4.00	they're gonna struggle to get
 1459.04	 3.52	tsunami this value because they'll be
 1461.60	 2.96	using badge
 1462.56	 3.68	maybe broach potentially two chomp
 1464.56	 2.64	trinkets depending on content blah blah
 1466.24	 2.40	blah
 1467.20	 3.92	and then your rhett and rogue who just
 1468.64	 5.44	shouldn't be anywhere near this
 1471.12	 3.92	okay so from one high ticket oh big
 1474.08	 3.52	ticket item to
 1475.04	 4.64	another one and this has a little bit of
 1477.60	 3.92	a caveat and again i'm trying to just
 1479.68	 3.20	you know express some thoughts on guild
 1481.52	 3.12	management as a whole
 1482.88	 3.28	in this one as well because there is
 1484.64	 4.96	some contention here
 1486.16	 4.08	obviously so it's a pretty big item but
 1489.60	 3.60	it's not
 1490.24	 3.44	crazy big over the phase one this sword
 1493.20	 3.68	right
 1493.68	 5.12	or if they have the dagger
 1496.88	 4.24	this is a little tough though due to the
 1498.80	 4.88	paladin factor and i did allude
 1501.12	 3.68	to this in phase one but your prop palin
 1503.68	 3.52	is going to have a far
 1504.80	 3.76	bigger role in your serpent shrine and
 1507.20	 4.88	to a lesser extent
 1508.56	 4.80	tempest keep raid experience compared to
 1512.08	 3.36	phase one at least
 1513.36	 3.36	and this warrants the additional threat
 1515.44	 4.00	of a raid weapon
 1516.72	 3.20	provided they haven't grinded arenas
 1519.44	 2.32	which
 1519.92	 3.84	most won't let's be real now palin
 1521.76	 4.08	representation is super low
 1523.76	 3.84	and obviously pro protesting just isn't
 1525.84	 3.36	a arena spec anyway
 1527.60	 3.60	so don't jump out your chair real quick
 1529.20	 5.60	i'm not about to tell you to hard prior
 1531.20	 6.32	paladin here but you will want to make
 1534.80	 5.60	sure your prop paladin has a raid weapon
 1537.52	 3.44	pretty early into phase 2 for the threat
 1540.40	 2.96	boost
 1540.96	 3.44	over the reputation sword and that can
 1543.36	 3.76	either be
 1544.40	 3.92	a pre phase two hard prior for your prop
 1547.12	 3.92	pilot on the
 1548.32	 4.56	final blood blood more magus blade with
 1551.04	 2.56	the notion that it's to ensure that your
 1552.88	 3.04	mages
 1553.60	 3.44	and warlocks are the first to get fang
 1555.92	 4.24	of the leviathan
 1557.04	 6.32	which is probably what i would suggest
 1560.16	 5.76	or you can simply say as phase two
 1563.36	 3.12	starts the next spell damage sword to
 1565.92	 3.20	drop
 1566.48	 3.52	blood more or fang goes to the prop pala
 1569.12	 3.44	to get that hurdle
 1570.00	 4.72	out of the way and you let rng decide
 1572.56	 3.92	perhaps your casters will prefer that
 1574.72	 3.60	whichever way you choose is probably
 1576.48	 4.56	fine but it is going to be
 1578.32	 3.36	more significant to consistent raid
 1581.04	 3.20	success
 1581.68	 3.84	especially in those early weeks to make
 1584.24	 3.52	sure your prop palin
 1585.52	 3.76	has that little boost on their sword
 1587.76	 4.56	whether that's blood more
 1589.28	 3.84	or the fan with that said once the prop
 1592.32	 3.76	pala thing
 1593.12	 3.44	has been sorted in terms of pure class
 1596.08	 2.96	merit
 1596.56	 3.52	there is no priority amongst your mages
 1599.04	 4.00	and warlocks
 1600.08	 4.24	unless pvp is a viable route for some of
 1603.04	 4.40	the recipients
 1604.32	 3.68	strictly speaking pve it's slightly
 1607.44	 2.40	better
 1608.00	 3.92	to have your warlocks and fire mage to
 1609.84	 2.72	grab the season 2 spellblade as it has
 1611.92	 2.80	hit on it
 1612.56	 3.52	rather than crit with a tiny bit more
 1614.72	 3.60	spell power than fang
 1616.08	 4.40	however assuming that is not the case
 1618.32	 3.04	and for the vast majority it's just not
 1620.48	 2.80	the case
 1621.36	 4.72	there is no way to differentiate between
 1623.28	 5.20	your pumpers based on class or spec
 1626.08	 4.40	the lack of pve one handle with hits on
 1628.48	 3.52	it means that for most guilds
 1630.48	 3.84	you should just go for the contextual
 1632.00	 3.52	factors that this video cannot know
 1634.32	 3.52	about your raiders
 1635.52	 3.68	biggest numbers biggest dedication
 1637.84	 4.72	biggest weight for an upgrade
 1639.20	 4.32	etc go with that stuff or narrow it down
 1642.56	 2.56	to a couple
 1643.52	 4.56	and roll between a few of the better
 1645.12	 4.24	candidates this brings us to the first
 1648.08	 4.24	tier five token
 1649.36	 4.32	and that is the champion token so
 1652.32	 3.60	apparently shaman rogue
 1653.68	 3.68	only three specks will use tier five
 1655.92	 3.68	gloves as their biss
 1657.36	 3.60	and those are rogues prop palins and
 1659.60	 3.76	enhancement shamans
 1660.96	 3.60	in particular rogues and enhancement
 1663.36	 3.68	shamans get a good
 1664.56	 3.44	four piece bonus from their tier whilst
 1667.04	 2.88	prop palin's can use
 1668.00	 3.04	royal silver moon gauntlets as a strong
 1669.92	 4.40	alternative
 1671.04	 4.56	meanwhile as such i would prior rogues
 1674.32	 3.60	here
 1675.60	 3.52	and enhance because they're looking for
 1677.92	 3.44	that four piece
 1679.12	 3.60	followed by prop pala because it's more
 1681.36	 5.44	of a filler slot
 1682.72	 6.48	for them for the defender token
 1686.80	 4.08	it's not too dissimilar to tier four
 1689.20	 4.64	ferals get a lot of juice from this
 1690.88	 4.64	tier itemization wise and are the
 1693.84	 2.16	strongest candidate on gloves by a
 1695.52	 3.36	decent
 1696.00	 4.16	margin rest of druids will still prefer
 1698.88	 2.88	mitts of the tree mender
 1700.16	 3.28	whilst boomkins that do not have
 1701.76	 4.00	tailoring will want these two
 1703.44	 4.08	but just not to the same extent as feral
 1705.76	 2.48	as it's mostly used for the four piece
 1707.52	 3.28	bonus
 1708.24	 4.56	and is pretty much the worst of the four
 1710.80	 4.08	pieces that boomkins use
 1712.80	 3.84	as such you'd want your boomkin to get
 1714.88	 3.92	these as the fourth piece
 1716.64	 4.32	rather than first off as they are pretty
 1718.80	 3.84	mediocre without the bonus
 1720.96	 3.28	with that said though we've got our
 1722.64	 3.68	warriors and neither speck
 1724.24	 3.52	is very interested with several better
 1726.32	 4.24	options elsewhere
 1727.76	 3.44	even from phase one and as a shadow
 1730.56	 2.72	priests
 1731.20	 3.68	they prefer the magtheridon gloves
 1733.28	 3.52	whilst the itemization
 1734.88	 3.52	also just not being too hot in general
 1736.80	 3.76	spell hit this
 1738.40	 4.64	isn't all that for shadow priests right
 1740.56	 4.72	and the holy priest gloves are only an
 1743.04	 4.40	ever so slight upgrade on the atom and
 1745.28	 4.32	gloves so whilst they want these
 1747.44	 4.24	they're not incredibly fussed by them so
 1749.60	 4.56	you're probably looking at your feral
 1751.68	 4.32	followed by your boomkin followed by
 1754.16	 3.20	your holy priest followed by whoever
 1756.00	 4.56	else that wants them right
 1757.36	 5.92	it's just the gloves aren't that great
 1760.56	 4.00	now the hero token hunters use these as
 1763.28	 3.44	biss for four piece
 1764.56	 3.68	whilst based on current scene sims it
 1766.72	 3.36	seems that fire mages
 1768.24	 3.68	wants to use these for four piece
 1770.08	 5.28	alongside vestments
 1771.92	 4.80	of the sea witch as their top off piece
 1775.36	 3.12	for arcane though they're going to
 1776.72	 2.88	prefer gauntlets of the sun king as
 1778.48	 3.92	their fifth piece
 1779.60	 3.36	and as such forgo this token but the two
 1782.40	 3.76	items
 1782.96	 5.44	are fairly similar as it stands warlocks
 1786.16	 4.64	will want to use spellfire if fire or
 1788.40	 3.04	tier 4 if shadow for two-piece tier 4
 1790.80	 3.36	bonus
 1791.44	 4.16	as far as i'm aware another caveat here
 1794.16	 2.08	though and it's a very big one that
 1795.60	 2.96	we're going to see
 1796.24	 4.08	across all the tier tokens is that
 1798.56	 3.52	hunters are going to use beast lord
 1800.32	 3.76	all the way up to when they have all
 1802.08	 5.12	four pieces of tier v
 1804.08	 5.60	you do not break beast lord at any stage
 1807.20	 3.76	until you have all four pieces so you
 1809.68	 3.28	have to make a decision on whether
 1810.96	 2.56	you're hard prioritizing one hunter at a
 1812.96	 3.60	time
 1813.52	 5.28	or just straight up going mages first i
 1816.56	 3.28	personally think mages first just makes
 1818.80	 3.60	a bit more sense
 1819.84	 3.28	especially with the extra tokens we're
 1822.40	 2.72	getting right
 1823.12	 3.76	we've got more rng protection we're
 1825.12	 2.48	going to get way more tokens more tier
 1826.88	 2.72	pieces
 1827.60	 3.76	go majors first it just makes more sense
 1829.60	 3.60	they can equip it right away for the
 1831.36	 3.60	immediate boost essentially in most
 1833.20	 4.96	scenarios
 1834.96	 3.76	so in this case i would lean fire mage
 1838.16	 2.00	first
 1838.72	 3.04	because they're going to use those as
 1840.16	 4.48	their four piece
 1841.76	 3.68	and probably use them pretty quickly
 1844.64	 3.20	we've then got
 1845.44	 4.00	our hunters because they do need to get
 1847.84	 2.56	their four piece it's just they can't
 1849.44	 3.44	equip it yet
 1850.40	 3.28	and warlocks don't really need it you
 1852.88	 3.36	can also go
 1853.68	 4.08	arcane here as a slightly lower priority
 1856.24	 5.36	if you haven't got any good
 1857.76	 8.08	you know rng on gordon's of the sunking
 1861.60	 5.84	this brings us to fathom lord karathrass
 1865.84	 3.52	and first off we've got soul strider
 1867.44	 4.24	boots and here we've basically got
 1869.36	 3.20	hard holy priest prio they're a very
 1871.68	 3.68	nice biss
 1872.56	 4.00	upgrade over the iran boots whilst other
 1875.36	 4.32	healers can focus
 1876.56	 4.88	on orca hide boots besides priest
 1879.68	 3.04	you would go wrestler just because of
 1881.44	 3.20	the spirit factor
 1882.72	 3.68	but essentially all the other healers
 1884.64	 3.20	want the leather orca boots that we've
 1886.40	 3.68	just seen
 1887.84	 4.40	and you know they'll just go anywhere
 1890.08	 5.04	else for the time being once your holy
 1892.24	 5.36	priests have these
 1895.12	 3.36	next up is bloodsy briggins vest and
 1897.60	 3.12	it's a very
 1898.48	 4.48	very nice off piece and as mentioned
 1900.72	 2.72	this forms one of the best setups for
 1902.96	 2.80	rogue
 1903.44	 4.32	which i encourage you to focus on i
 1905.76	 3.52	would largely
 1907.76	 3.76	say that you should ignore the shoulder
 1909.28	 3.12	pads set up and go for the blood see
 1911.52	 3.12	brigands
 1912.40	 3.04	set up for your rogues and given that
 1914.64	 2.64	this aspect
 1915.44	 3.60	reduced rogue's claim to shoulder pads
 1917.28	 4.48	overall we're going to put them
 1919.04	 3.76	ahead of other recipients they are the
 1921.76	 3.36	primary recipient
 1922.80	 3.44	and they get mad value from hit all the
 1925.12	 3.84	time so
 1926.24	 3.36	essentially rogues first but besides
 1928.96	 2.88	rogue
 1929.60	 4.56	this vest is also either biss or
 1931.84	 5.92	exceptionally close to this
 1934.16	 6.72	for your dps worries particularly fury
 1937.76	 3.60	so whilst i am still kind of waiting
 1940.88	 3.12	keeping an
 1941.36	 3.60	eye out on the warrior sims and so
 1944.00	 4.00	essentially what they
 1944.96	 5.68	decide is their best setup possible i
 1948.00	 4.72	do think it's looking likely that these
 1950.64	 6.64	off pieces are the way forward
 1952.72	 6.24	and as such you know dps warriors next
 1957.28	 3.44	following roads and worries though
 1958.96	 3.92	there's a distinct drop off
 1960.72	 4.32	don't get me wrong still fantastic for
 1962.88	 2.64	enhanced showers that lack tier 5 chest
 1965.04	 2.80	and
 1965.52	 4.24	for rep pallas that you know are going
 1967.84	 5.20	to live with the hit rating because
 1969.76	 5.12	it's hard to drop but either way most of
 1973.04	 2.40	us those specs have alternatives they
 1974.88	 3.04	prefer
 1975.44	 3.44	enhance wants tier 5 rep power wants
 1977.92	 3.52	tier 5
 1978.88	 3.68	or kraken heart breastplate so as such
 1981.44	 4.16	it's a clean
 1982.56	 4.96	rogue fury warrior then potentially your
 1985.60	 3.76	arms if they can utilize the hit but i
 1987.52	 3.20	think it might be best regardless of the
 1989.36	 4.72	hit situation
 1990.72	 6.16	followed by the rest essentially
 1994.08	 4.88	afraid to tether off the drowned it's a
 1996.88	 4.48	solid warrior neck it does
 1998.96	 4.00	form part of your abyss depending on
 2001.36	 3.60	exactly the setup you're going
 2002.96	 4.16	there's an arena abyss and a non-arena
 2004.96	 4.72	abyss i believe this is featured
 2007.12	 3.52	in the non-arena abyss list but feel
 2009.68	 3.04	free to correct me
 2010.64	 3.36	if i'm wrong but it's not going to go to
 2012.72	 3.60	your prop power and you
 2014.00	 4.64	feral druid is far far away from this
 2016.32	 4.24	they definitely don't want that but
 2018.64	 3.84	overall it's not a big ticket item
 2020.56	 3.04	there's a lot of case to use the pvp
 2022.48	 4.00	neck for both
 2023.60	 3.92	you know prop warrior feral druid and
 2026.48	 2.80	prop paddlers are
 2027.52	 3.52	probably going to squeeze in a spell
 2029.28	 4.40	damaged neck i want to say
 2031.04	 3.84	but the hit ranks not too big for them
 2033.68	 3.92	and they'll go for other options
 2034.88	 5.44	regardless
 2037.60	 4.32	fathom brooch of the tidewalker this is
 2040.32	 4.96	just not good
 2041.92	 4.56	void crystal this brings us to sexton of
 2045.28	 4.08	unstable currents
 2046.48	 3.68	now this is a pretty good trinket but
 2049.36	 3.04	for seemingly
 2050.16	 3.28	all casters does not surpass the phase
 2052.40	 2.80	one options
 2053.44	 3.52	i do want to put a quick note here
 2055.20	 4.40	though because
 2056.96	 3.12	you know pre-phase calculations are not
 2059.60	 3.28	always
 2060.08	 3.92	100 percent correct and sometimes things
 2062.88	 3.20	do change
 2064.00	 4.64	from my experience on private servers
 2066.08	 4.88	elemental shamans had a lot of success
 2068.64	 3.12	with this trinket alongside lightning
 2070.96	 2.96	capacitor
 2071.76	 4.24	now don't get me wrong i know private
 2073.92	 5.28	servers often had lots of trinkets wrong
 2076.00	 6.88	i'm fully aware but at the same time
 2079.20	 5.60	it was really good so if anywhere
 2082.88	 3.52	try that on your elemental shaman
 2084.80	 3.20	especially if they haven't got lucky
 2086.40	 4.32	with quagmiren's eye
 2088.00	 5.04	and just see where it goes as such i
 2090.72	 4.64	would put it on your elemental shamans
 2093.04	 3.28	first here if there's no real big demand
 2095.36	 4.16	from somebody else
 2096.32	 3.84	because i have a sneaking suspicion this
 2099.52	 3.92	might be
 2100.16	 5.36	better than what sims say it is but
 2103.44	 3.36	you know maybe i'm wrong either way it's
 2105.52	 4.08	an okay trinket
 2106.80	 4.24	apparently not best for anybody but on
 2109.60	 2.96	private servers elementals had a lot of
 2111.04	 4.00	joy here
 2112.56	 3.84	world breaker this is essentially just a
 2115.04	 3.36	solid pvp mace
 2116.40	 4.24	it's not stun herald but if you have an
 2118.40	 4.72	arms warrior seeking to dip their toe
 2120.64	 3.36	into arena or perhaps even a rep palla
 2123.12	 3.28	it's solid
 2124.00	 3.68	but pve wise not really a big deal
 2126.40	 3.92	either way
 2127.68	 3.20	and this brings us to the tokens for the
 2130.32	 3.20	pants
 2130.88	 3.92	and the champion token has again three
 2133.52	 3.84	specs that want
 2134.80	 3.76	tier five pants for their abyss setup
 2137.36	 4.32	and these are
 2138.56	 6.48	rogues prop paladins and enhancement
 2141.68	 5.84	shamans so in terms of
 2145.04	 4.24	enhancement they're really looking for
 2147.52	 4.00	that four piece bonus as
 2149.28	 5.04	our rogues and this is essentially where
 2151.52	 4.88	we have to start differentiating
 2154.32	 3.12	the noteworthy differentiation between
 2156.40	 3.68	these two
 2157.44	 3.28	is that the pants are particularly bad
 2160.08	 2.64	for rogue
 2160.72	 4.08	stand-alone they are going to use them
 2162.72	 3.92	as their full piece regardless
 2164.80	 4.56	but they just don't add up compared to
 2166.64	 5.68	skulkers until you have all four pieces
 2169.36	 5.20	so essentially rogues don't really want
 2172.32	 4.16	these until they it's their fourth piece
 2174.56	 4.24	if you can make it work like that in an
 2176.48	 5.84	ideal situation
 2178.80	 5.68	on the flip side you've got enhanced who
 2182.32	 3.92	really really want four piece and these
 2184.48	 4.88	legs are pretty strong
 2186.24	 4.64	standalone also so you're probably going
 2189.36	 4.56	to lean enhance here
 2190.88	 4.32	too prop parlins also very very
 2193.92	 4.40	interested in their legs
 2195.20	 5.04	the block value is a little bit you know
 2198.32	 4.24	iffy it's not an awful stat but it's
 2200.24	 5.44	just not a fantastic stat either
 2202.56	 4.32	so whilst you would probably go enhance
 2205.68	 3.44	followed by prop pala
 2206.88	 3.04	followed by rogue you could maybe switch
 2209.12	 2.80	it up between
 2209.92	 4.56	prop pallet and rogue based on your own
 2211.92	 4.24	discretion it's more of a
 2214.48	 4.08	the bonus isn't that big a deal prop
 2216.16	 4.24	pillars just want it for itemization
 2218.56	 3.44	rogues want it for four piece but it's
 2220.40	 3.60	the worst piece of the four
 2222.00	 3.44	and enhance actually get you know four
 2224.00	 3.28	piece is really big for them
 2225.44	 3.20	and also this is a piece that's actually
 2227.28	 3.92	pretty good so
 2228.64	 3.20	enhanced first you can debate between
 2231.20	 3.04	the two
 2231.84	 4.16	other specs but i would lean prop paller
 2234.24	 3.52	second just because
 2236.00	 3.44	rogues really won't equip these until
 2237.76	 5.04	they have four piece so
 2239.44	 5.68	moving on to the defender token though
 2242.80	 4.48	there are four specs that want this one
 2245.12	 3.28	pharaoh druid shadow priest holy priest
 2247.28	 4.16	and propped
 2248.40	 6.00	warrior once again i would
 2251.44	 4.88	just about lean feral druid here it is
 2254.40	 4.08	certainly the large upgrade especially
 2256.32	 4.80	if we're talking feral tanking
 2258.48	 4.80	however it's not like tier 4 where it
 2261.12	 4.72	makes no sense to go anywhere else
 2263.28	 3.60	you can go anywhere here of the four
 2265.84	 3.52	specs at least
 2266.88	 4.64	based on other merits without committing
 2269.36	 4.72	any cardinal sins of min maxing
 2271.52	 4.16	but if you really want a min max feral
 2274.08	 4.08	does have a slight edge here
 2275.68	 4.56	it's just a really big upgrade the
 2278.16	 5.92	effective point value
 2280.24	 6.80	is just super super high should a priest
 2284.08	 4.56	get a reasonable upgrade here and want
 2287.04	 3.44	it as part of their four piece bonus
 2288.64	 2.40	with megfaradong gloves as their fifth
 2290.48	 2.80	piece
 2291.04	 4.16	so i think it makes sense to go shadow
 2293.28	 3.44	next it's not like they get much
 2295.20	 4.40	priority elsewhere
 2296.72	 4.96	so you may as well give them a bone here
 2299.60	 3.52	regarding prop warrior and holy priest i
 2301.68	 3.60	think it's pretty close
 2303.12	 3.12	if you're attack pro style guild i guess
 2305.28	 2.88	prop warrior
 2306.24	 3.68	but i wouldn't opt for this because both
 2308.16	 4.32	specs aren't getting a huge
 2309.92	 4.40	upgrade over the never spites pants or
 2312.48	 4.56	curator pants respectively
 2314.32	 3.60	so i guess just flip a coin between
 2317.04	 4.08	those two
 2317.92	 6.56	is not huge for either of those so feral
 2321.12	 6.64	shadow followed by holy priest and prot
 2324.48	 7.12	warrior for the hero token it's a very
 2327.76	 3.84	very similar story
 2332.40	 3.68	all three are pretty good but the
 2334.64	 3.44	warlock pants are
 2336.08	 3.76	you know not really gonna make it in
 2338.08	 2.64	terms of the four piece bonus doesn't
 2339.84	 2.88	appear to be
 2340.72	 3.52	of interest there is still a question
 2342.72	 3.20	mark exactly how it works
 2344.24	 4.16	but it doesn't look like that's going to
 2345.92	 4.56	be the case so they have a similar value
 2348.40	 3.28	to spell strike or kazak pants
 2350.48	 3.44	so you're going to pass over your
 2351.68	 3.84	warlocks here hunters want to use the
 2353.92	 2.48	leggings of murderous intent for their
 2355.52	 2.72	fifth piece
 2356.40	 3.36	so they're just out and that leaves you
 2358.24	 3.68	with your mages both
 2359.76	 3.44	mage specs will want these as their four
 2361.92	 3.36	piece bonus
 2363.20	 4.40	but you know differentiating between the
 2365.28	 3.92	two probably comes down to
 2367.60	 3.20	if someone's getting a two-piece or
 2369.20	 4.00	someone's finishing their four piece
 2370.80	 3.60	whatever it is if they're both not on a
 2373.20	 3.20	bonus yet
 2374.40	 3.84	i don't know whoever whoever hasn't got
 2376.40	 5.68	little or something other factors
 2378.24	 5.92	but generally here mage's first
 2382.08	 3.20	hunters just don't want it walks can
 2384.16	 2.72	make use of it
 2385.28	 3.52	if they are you know sort of trying to
 2386.88	 5.20	tweak things around compared to
 2388.80	 6.16	spell strike this then brings us to
 2392.08	 3.68	mora grim and the first milgram item is
 2394.96	 2.96	a cloak that
 2395.76	 4.00	doesn't look crazy but it's a tiny bit
 2397.92	 4.48	ahead of vengeance wrap
 2399.76	 3.12	for pretty much all the vengeance wrap
 2402.40	 2.16	users
 2402.88	 4.16	apart from hunters because they don't
 2404.56	 5.12	use strength obviously
 2407.04	 3.12	the cloak situation is a weird one it's
 2409.68	 2.56	really
 2410.16	 3.76	really close between vengeance rap
 2412.24	 4.32	selassie and will the cloak
 2413.92	 3.36	and this one for a lot of specs for
 2416.56	 3.44	feral
 2417.28	 4.16	enhance rep palla hunters do have a
 2420.00	 3.12	slightly more clear
 2421.44	 3.36	picture on the cloaks which we'll get to
 2423.12	 3.92	see a little bit later on
 2424.80	 3.92	but here you're going to want feral dps
 2427.04	 3.36	first because they scale the best with
 2428.72	 4.80	primaries it's just a little bit better
 2430.40	 5.68	on feral followed by rets
 2433.52	 4.24	and you can go enhance here too but
 2436.08	 2.56	enhance are probably going to go from
 2437.76	 3.44	vengeance wrap
 2438.64	 3.28	to the lassians it's pretty close either
 2441.20	 2.32	way though
 2441.92	 3.28	all three of those specs can utilize
 2443.52	 3.52	this cloak really well but i would go
 2445.20	 4.08	feral first because it's slightly better
 2447.04	 4.16	there
 2449.28	 4.96	a quick note though you really don't
 2451.20	 6.56	want your rep pallet to be on flashion
 2454.24	 5.28	it it's depending on how often you sim
 2457.76	 3.12	if you spam the sim button you're gonna
 2459.52	 3.52	get slightly different
 2460.88	 4.24	results on falassian and it sometimes
 2463.04	 2.56	seems lower than razer scale battle
 2465.12	 2.48	cloak
 2465.60	 3.52	and given the contest station on
 2467.60	 4.00	flashing wall the cloak
 2469.12	 4.80	just go here for the red palette just go
 2471.60	 5.28	here
 2473.92	 4.40	so to summarize ferals followed by rats
 2476.88	 3.12	but it's very very close
 2478.32	 4.00	and enhanced are a good candidate as
 2480.00	 4.32	well warriors can use this
 2482.32	 4.88	but venue strap i believe is slightly
 2484.32	 2.88	better on average
 2490.08	 4.96	illidari shoulder pads now this is a
 2491.76	 5.68	solid item but very much a catch-up item
 2495.04	 3.36	for a less skid tune don't think too
 2497.44	 3.92	hard on this one
 2498.40	 3.44	go for anyone that gets a nice upgrade
 2501.36	 4.00	from it
 2501.84	 5.28	it's pretty good next we have no
 2505.36	 3.04	chess piece of the ancients similar to
 2507.12	 3.60	the previous item
 2508.40	 3.52	not awful this one's definitely not as
 2510.72	 3.04	good as illidari
 2511.92	 3.68	it's more of a catch-up piece but gonna
 2513.76	 4.24	be avoid crystal more often
 2515.60	 2.40	than not
 2518.64	 3.36	mantle of the tires tracker is literally
 2520.72	 3.60	a crystal it's
 2522.00	 4.16	just not worth it so we're going to move
 2524.32	 4.56	on to girdle the tide of cool
 2526.16	 3.52	and it's not an instant crystal it's
 2528.88	 2.96	okay
 2529.68	 4.24	for enhance but it's pretty poor
 2531.84	 4.40	compared to most tier 5 options
 2533.92	 3.44	and the grow belt for enhance so if
 2536.24	 3.28	you've got an enhance
 2537.36	 3.84	that hasn't got phase one base or didn't
 2539.52	 4.80	get lucky with the grill belt
 2541.20	 3.92	it's okay for now on them but don't hold
 2544.32	 3.52	it against them
 2545.12	 4.56	it's not that good it has many better
 2547.84	 4.24	alternatives in tier five
 2549.68	 3.44	so it's useful to an extent but mostly
 2552.08	 3.60	avoid crystal
 2553.12	 4.00	as you progress through the weeks then
 2555.68	 2.24	we've got pauldrons of the argent
 2557.12	 2.48	sentinel
 2557.92	 5.28	more of a catch-up item for holy
 2559.60	 5.60	paladins around about the same value
 2563.20	 3.52	of tissue as tearful shoulders give or
 2565.20	 3.28	take assuming
 2566.72	 4.96	that you value the spell some
 2568.48	 5.04	paddlers don't but overall
 2571.68	 3.60	it's just a catcher by them it will be a
 2573.52	 4.00	crystal pretty quickly
 2575.28	 3.36	because tier five and coral barbs are
 2577.52	 2.88	quite a bit better
 2578.64	 4.16	wool boots of obliteration next these
 2580.40	 4.32	are awesome for plate dps
 2582.80	 3.04	but retribution pallets have slightly
 2584.72	 3.60	better
 2585.84	 4.72	or equivalent options in cobra lash
 2588.32	 4.56	boots and star shredded boots
 2590.56	 3.04	and as such you should prioritize your
 2592.88	 3.28	warriors
 2593.60	 6.00	strongly here hard prior warrior here
 2596.16	 6.72	but they're very good in rep power also
 2599.60	 3.28	pendant of the lost ages
 2603.20	 4.32	it's a pvp item i'm not sure if it
 2605.36	 3.76	actually is genuinely good for pvp but
 2607.52	 5.12	as far as pve is concerned
 2609.12	 6.40	crystalline ringer of sundered souls
 2612.64	 4.72	this is a very good ring i whilst prop
 2615.52	 2.72	powers haven't got a consensus abyss
 2617.36	 3.84	list or
 2618.24	 4.96	you know a simulation i do think this is
 2621.20	 3.84	going to end up as the best
 2623.20	 3.28	prop pallet ring alongside a spell
 2625.04	 3.68	damage ring it's just
 2626.48	 4.08	nice stamina got defense got dodged
 2628.72	 3.52	helps you get uncrushability
 2630.56	 3.36	in a quite an efficient manner
 2632.24	 2.96	especially with that extra chunk and
 2633.92	 2.88	allows you to equip you know spell
 2635.20	 2.80	damage elsewhere
 2636.80	 3.60	i think this is going to end up in the
 2638.00	 3.68	bisap i could be wrong but i would go
 2640.40	 3.04	prop pala first here
 2641.68	 3.76	it's pretty good on your prop wire too
 2643.44	 3.76	but they are desperate to find threat
 2645.44	 3.04	options in that ring slot as far as
 2647.20	 2.96	proper concerns
 2648.48	 4.08	your feral tank just doesn't want this
 2650.16	 4.72	so ignore them completely
 2652.56	 4.64	this brings us to band of the vigilant
 2654.88	 3.04	now it's a crystal as far as pv is
 2657.20	 3.20	concerned
 2657.92	 3.68	but maybe someone wants to use it as a
 2660.40	 3.36	pvp item
 2661.60	 3.76	i'm not sure quite how good it racks up
 2663.76	 3.68	with the you know lack
 2665.36	 3.28	of intellect lack of spirit but it
 2667.44	 4.32	doesn't look too bad
 2668.64	 3.76	for pvp so maybe there all right so now
 2671.76	 3.52	we're on to
 2672.40	 4.72	serpentil braids now the perception of
 2675.28	 2.48	this one from private servers is a lot
 2677.12	 3.60	higher
 2677.76	 3.28	than what the sims have put it at um to
 2680.72	 2.80	be
 2681.04	 4.56	clear current sims put it at below
 2683.52	 5.52	quagmire's eye
 2685.60	 5.68	and icon of the silver crescent now
 2689.04	 3.84	the big thing here is it's controllable
 2691.28	 4.64	right when you use your manager
 2692.88	 4.32	you get a big boost of spell damage and
 2695.92	 4.32	you get to decide
 2697.20	 3.92	when that is you also get more mana from
 2700.24	 2.72	your manager
 2701.12	 4.32	which is you know somewhat relevant
 2702.96	 6.00	especially for arcane
 2705.44	 5.36	now in terms of the priority here if you
 2708.96	 4.16	value that controllability apparently
 2710.80	 5.12	it's within 3 dps of quagsi
 2713.12	 3.36	so i'm assuming with the controllability
 2715.92	 3.36	aspect
 2716.48	 6.88	and the practicality it's probably on
 2719.28	 7.20	par or slightly better than quagsi
 2723.36	 5.44	i certainly would at least go into
 2726.48	 4.16	early phase two with that assumption
 2728.80	 2.24	whether that actually holds out to be
 2730.64	 3.60	true
 2731.04	 5.44	longer term we'll see but getting to the
 2734.24	 5.04	differentiation between the two specs
 2736.48	 4.24	arcane maybe it's a slight nod here all
 2739.28	 3.92	your majors might be arcane
 2740.72	 3.12	and in that case you know other merits
 2743.20	 4.48	but i think
 2743.84	 6.00	arcane has a slightly better you know
 2747.68	 3.28	a slightly better claim here because
 2749.84	 3.12	they get more mana
 2750.96	 3.28	man is a bit more finite or a lot more
 2752.96	 2.64	finite for them
 2754.24	 3.28	but apparently it's a tiny bit worse
 2755.60	 3.52	than quagsire so we'll see
 2757.52	 4.32	really good trinket though i think and
 2759.12	 5.28	controllability is very powerful
 2761.84	 4.56	this brings us to talent of ashara and
 2764.40	 4.16	as it stands which is to say
 2766.40	 3.92	people are not sure of what the prop
 2768.56	 4.40	crate of ronald sunking is
 2770.32	 3.60	this outperforms rod of the sun king as
 2772.96	 3.92	rogue main hand
 2773.92	 4.24	and fury offhand as it stands under
 2776.88	 3.76	current assumptions
 2778.16	 3.04	that the proc rate is unknown on rod
 2780.64	 2.40	part of me
 2781.20	 3.60	is suspicious that rod will have a
 2783.04	 4.40	surprisingly high proc rate
 2784.80	 4.48	but for now i would have to say this is
 2787.44	 2.96	probably best to go rogue first and then
 2789.28	 2.88	fury offhand
 2790.40	 3.28	afterwards but given that you're
 2792.16	 4.48	probably running one of each
 2793.68	 3.52	maybe two it's just not that big either
 2796.64	 2.88	way
 2797.20	 4.08	it is their best option though for main
 2799.52	 3.20	hand and offhand respectively though
 2801.28	 3.52	so at least you know give it some
 2802.72	 6.24	consideration use other factors
 2804.80	 6.48	etc but rod might surprise everybody
 2808.96	 3.60	moving now on to luminescent rod of the
 2811.28	 4.08	naaru this is just
 2812.56	 5.04	a flat out holy prior only class that
 2815.36	 5.28	uses it or respect rather that uses it
 2817.60	 3.60	really really good now we're on to lady
 2820.64	 3.76	bash
 2821.20	 4.64	and this is just big item city give or
 2824.40	 4.72	take
 2825.84	 4.80	so brace yourselves investments of the
 2829.12	 4.24	sea witch now this is an
 2830.64	 4.24	insane robe this is literally a wet
 2833.36	 2.32	dream for your warlocks and your fire
 2834.88	 2.96	mages
 2835.68	 3.68	specs like arcane shadow priests get
 2837.84	 5.44	less value on the hit
 2839.36	 7.04	and whilst elemental view this as this
 2843.28	 5.36	and it is just so so good for
 2846.40	 3.68	you know warlocks fire mages and even
 2848.64	 3.84	elemental shaman
 2850.08	 3.04	elemental doesn't utilize the hit just
 2852.48	 2.88	doesn't
 2853.12	 3.60	so it loses a lot of value in elemental
 2855.36	 3.60	that's why i was talking up
 2856.72	 3.04	hateful echoes very very much for
 2858.96	 3.28	elemental
 2859.76	 5.36	because it's very close if you just you
 2862.24	 5.28	delete the hit line from this item
 2865.12	 4.24	so how are we differentiating well
 2867.52	 4.88	obviously elemental factor
 2869.36	 4.96	go hateful echoes until it's there's no
 2872.40	 3.84	no one left to go investments on
 2874.32	 2.56	essentially unfortunately for elemental
 2876.24	 2.64	it's a
 2876.88	 3.36	small downgrade but hateful echoes is
 2878.88	 4.24	very close
 2880.24	 4.56	in terms of the warlocks though i do
 2883.12	 3.68	dislike
 2884.80	 3.84	using class spec for items like this
 2886.80	 4.64	alongside obviously the fire majors too
 2888.64	 5.36	but if you must if you feel the need to
 2891.44	 3.04	do tie breakers on class on an item like
 2894.00	 3.68	this
 2894.48	 4.48	there are some factors to consider fire
 2897.68	 3.04	warlocks typically have the spell
 2898.96	 4.24	spellfire three-piece bonus
 2900.72	 4.08	prior to attaining this this robe is
 2903.20	 4.32	worth breaking the bonus
 2904.80	 4.64	but because the bonus exists it's less
 2907.52	 4.40	of an upgrade compared to a shadow based
 2909.44	 5.12	warlock than a firebase will look
 2911.92	 3.20	the same is true of fire mages on top of
 2914.56	 2.40	this
 2915.12	 3.04	as we mentioned elemental shamans do
 2916.96	 3.28	waste a hit rating
 2918.16	 4.80	and they have that close option hateful
 2920.24	 5.28	echoes because of all these things
 2922.96	 4.88	lean towards your shadow based warlocks
 2925.52	 5.36	followed by your firebase casters
 2927.84	 4.80	elementals are a strict last prior here
 2930.88	 3.20	it would be quite egregious to go
 2932.64	 3.68	elemental over
 2934.08	 4.16	warlocks or fire mage here just because
 2936.32	 4.56	of that hit factor there's no slight
 2938.24	 3.76	elemental but overall hateful echoes is
 2940.88	 3.84	just way too close
 2942.00	 3.84	to vestments to warrant not giving this
 2944.72	 4.56	to your warlock
 2945.84	 5.68	or your fire mage so overall
 2949.28	 3.60	shutter based warlocks just about then
 2951.52	 3.92	your fire boys
 2952.88	 4.16	that's pretty much it roon totem mantle
 2955.44	 3.92	a pretty good catch-up item
 2957.04	 4.16	roughly equivalent to tier 4 shoulders
 2959.36	 4.16	rest the druid perhaps a tiny bit better
 2961.20	 4.56	so it's a good piece but not important
 2963.52	 4.88	restaurant pro here since coral barbed
 2965.76	 3.44	shoulder pads exist as a better catch-up
 2968.40	 5.28	slash
 2969.20	 4.48	awesome item for shamans and paladins
 2974.00	 6.72	now i would i'm dreading this one
 2977.28	 6.56	we're on to belt of 100 deaths and
 2980.72	 6.00	this is i would say
 2983.84	 4.88	even worse than the dst situation this
 2986.72	 4.32	is just
 2988.72	 3.60	it is bonkers the item is bonkers it's
 2991.04	 3.36	bis for pretty much
 2992.32	 4.88	all recipients that want it in phase
 2994.40	 5.92	three as well as phase two
 2997.20	 5.04	um and that includes phase four as well
 3000.32	 4.32	because you don't get an upgrade
 3002.24	 4.32	um in terms of eye level in phase four
 3004.64	 2.64	so we're pretty much talking this till
 3006.56	 3.68	somewhere
 3007.28	 4.80	on this belt uh for the recipients and
 3010.24	 3.12	that's why it's so tough let me put that
 3012.08	 4.40	out there this is
 3013.36	 3.92	really tough and it is again another
 3016.48	 3.04	item
 3017.28	 3.04	where i would very very much encourage
 3019.52	 3.52	you to use
 3020.32	 3.68	different factors right i'm saying that
 3023.04	 3.04	now so you don't
 3024.00	 3.68	behead me after i explain my thought
 3026.08	 5.36	process here right
 3027.68	 6.88	but in terms of if we are nitpicking
 3031.44	 5.20	if we are feeling the need to be this
 3034.56	 3.68	you know egregious in our min maxing
 3036.64	 4.40	there are some thoughts i have
 3038.24	 3.60	that sort of differentiate a bunch of
 3041.04	 3.84	these specs
 3041.84	 5.92	so let's start with who it's actually
 3044.88	 3.84	wanted by this belt is best for frail
 3047.76	 3.76	druids
 3048.72	 3.76	of both types enhanced shamans rep
 3051.52	 4.88	paladins
 3052.48	 6.96	all three warrior specs rogues
 3056.40	 6.24	and even hunters technically
 3059.44	 4.48	first off hunters on this it is
 3062.64	 3.44	technically this
 3063.92	 3.52	but it's something so tiny compared to
 3066.08	 4.00	the second best option
 3067.44	 4.88	that it really warrants a complete ban
 3070.08	 4.40	on hunters receiving this item
 3072.32	 3.36	honestly despite it being technically
 3074.48	 3.60	the best option
 3075.68	 4.00	if your guild tag is on a hunter that
 3078.08	 3.92	has this belt equipped
 3079.68	 3.12	people will meme the hell out of your
 3082.00	 3.36	guild
 3082.80	 3.52	don't do it even though it's technically
 3085.36	 3.92	pissed just don't
 3086.32	 3.52	do it please don't do it okay that's the
 3089.28	 5.12	only
 3089.84	 4.56	easy rule out we have here so
 3094.48	 2.88	now that we've got it out the way the
 3095.68	 2.64	remaining specs all use this to
 3097.36	 4.56	somewhere
 3098.32	 6.00	big problem now nitpicking the first
 3101.92	 3.12	area i want to talk about is the crafted
 3104.32	 4.24	options
 3105.04	 6.16	the bind on equip grade patterns
 3108.56	 4.72	and this is namely in the form of red
 3111.20	 4.96	belt of battle for the plate boys
 3113.28	 5.04	and belt of deep shadow for the leather
 3116.16	 3.04	boys which are boe from tier 5 patterns
 3118.32	 2.96	as mentioned
 3119.20	 3.64	and they are the first thing to consider
 3121.28	 4.16	because they are the closest
 3122.84	 3.40	alternatives even in phase three for
 3125.44	 3.28	some
 3126.24	 3.28	in particular in the case of dps worries
 3128.72	 3.60	and rogues
 3129.52	 4.56	these two belts are a lot closer than
 3132.32	 3.36	they are for the other specs red belt
 3134.08	 4.08	battle for your warriors
 3135.68	 3.36	belt deep shadow feel rogues a lot
 3138.16	 3.52	closer
 3139.04	 3.12	than the other option of than than they
 3141.68	 3.28	are
 3142.16	 3.68	for other specs compared to belt of 100
 3144.96	 4.40	deaths
 3145.84	 6.16	so this unfortunately
 3149.36	 4.00	if you're nitpicking puts them lower it
 3152.00	 3.92	just has to it's just
 3153.36	 4.32	the gap is smaller for those two specs
 3155.92	 2.24	in particular those three specs i should
 3157.68	 2.72	say
 3158.16	 3.76	sorry to arms warriors kind of like you
 3160.40	 4.96	know had a brain fart there
 3161.92	 3.84	the three specs it's less less big for
 3165.36	 2.16	them
 3165.76	 3.68	even though it's huge it's still huge
 3167.52	 2.72	it's just not quite as huge as for the
 3169.44	 3.04	other ones right
 3170.24	 3.12	that's where i'm going this then leaves
 3172.48	 3.84	red paler
 3173.36	 4.72	enhanced shaman prop warrior and feral
 3176.32	 3.76	red palette and enhanced shaman get the
 3178.08	 2.72	highest prior on shoulder pads at least
 3180.08	 2.48	based on
 3180.80	 4.40	what i have described so far in this
 3182.56	 4.16	video which is already a big ticket item
 3185.20	 2.96	and something i'm sure they are
 3186.72	 2.48	delighted with given the level of
 3188.16	 4.00	competition
 3189.20	 5.44	alongside this prop warrior and pharaoh
 3192.16	 6.08	have that tank factor and to be honest
 3194.64	 4.88	i do think if you are splitting hairs
 3198.24	 3.36	like this and
 3199.52	 3.92	again i'm going to reiterate this is
 3201.60	 4.72	splitting hairs this is
 3203.44	 3.36	not clear cut at all main tech priority
 3206.32	 3.76	makes
 3206.80	 5.44	some sense whether that's your feral or
 3210.08	 4.00	your pr warrior the initial pull
 3212.24	 3.92	is often the most scuffed time for
 3214.08	 4.96	threat due to potential parries
 3216.16	 4.00	dodges misses etc and can be the reason
 3219.04	 3.60	a pool goes wrong
 3220.16	 4.00	or ends in a wipe and stacking expertise
 3222.64	 4.24	is literally the best way
 3224.16	 4.96	to remove the frequency of that rng on
 3226.88	 4.24	your opening threat
 3229.12	 5.04	you can also make a case for your second
 3231.12	 5.92	tank also since there can sometimes be
 3234.16	 4.64	simultaneous pickups in certain fights
 3237.04	 3.12	where both tanks are going to want that
 3238.80	 4.32	initial rng
 3240.16	 4.32	safeguard to put it bluntly misdirect
 3243.12	 3.04	only goes so far
 3244.48	 4.56	when you've got a horde of trigger happy
 3246.16	 4.96	spellcasters about to ask blast the boss
 3249.04	 3.28	and you've got dodge parry as your first
 3251.12	 4.80	two globals right
 3252.32	 6.48	it doesn't go far enough so overall
 3255.92	 5.12	that small factor does kind of
 3258.80	 3.04	prioritize your first two tanks in my
 3261.04	 4.08	opinion
 3261.84	 5.52	now i'm not saying you go
 3265.12	 4.32	third tank fourth tank that's excessive
 3267.36	 2.80	that's that's taking the tinky winky you
 3269.44	 2.32	know
 3270.16	 4.16	so don't get me wrong i know how
 3271.76	 5.60	controversial tank pro can be
 3274.32	 4.64	and again i implore you to use other
 3277.36	 4.24	context
 3278.96	 4.00	class is a very small part to play on
 3281.60	 3.76	this belt in my opinion
 3282.96	 3.76	but if we are doing class based
 3285.36	 3.60	differentiation
 3286.72	 4.48	i think you do have to lean towards your
 3288.96	 5.12	tanks especially your main tank
 3291.20	 4.08	the guy who's or person rather that is
 3294.08	 2.88	always going to be
 3295.28	 4.00	you know trying basically pulling the
 3296.96	 3.76	boss in nearly every scenario
 3299.28	 2.96	that person really does want the
 3300.72	 2.56	expertise they're not going to replace
 3302.24	 4.40	it till somewhere
 3303.28	 4.72	it's fantastic so for me if we're really
 3306.64	 3.60	splitting hairs
 3308.00	 4.88	feral tank equals to prop warrior
 3310.24	 4.80	assuming they are your main tank
 3312.88	 3.92	followed by your off tank which is
 3315.04	 2.96	probably your feral tank potentially a
 3316.80	 3.20	prop warrior
 3318.00	 3.68	your prop pal is nowhere near this in
 3320.00	 3.84	case that wasn't clear
 3321.68	 3.36	then you've got your enhance is equal to
 3323.84	 4.00	your rep pallies
 3325.04	 4.16	and equal to your mono cats monocat has
 3327.84	 4.40	a pretty good claim here too
 3329.20	 4.64	but ultimately i i don't know you have
 3332.24	 4.24	to love them a lot to give this
 3333.84	 4.88	them this belt if they don't tank at all
 3336.48	 4.16	followed by your warriors and rogues
 3338.72	 3.44	but i do again want to mention this is
 3340.64	 4.24	really small margins
 3342.16	 3.20	nobody should be upset if a warrior or
 3344.88	 3.28	rogue
 3345.36	 4.80	gets the first belt but this is where my
 3348.16	 2.96	mind is at if we're being super super
 3350.16	 3.68	specific
 3351.12	 4.08	all right tough one small margins but
 3353.84	 3.28	we're good right let's move on now
 3355.20	 4.40	finally let's get away from that one
 3357.12	 3.84	cobra boots are pretty nice they are a
 3359.60	 3.52	contested item
 3360.96	 3.60	but it's got a pretty reasonable sort of
 3363.12	 3.04	thought process here compared to the
 3364.56	 4.32	belt at least
 3366.16	 4.64	this is hunter and enhanced biss and rep
 3368.88	 4.56	pallas are very interested in these two
 3370.80	 3.60	as a close to this slash miss option
 3373.44	 3.84	depending on
 3374.40	 3.84	which exact setup you have the notable
 3377.28	 3.20	thing here though
 3378.24	 4.32	is that because rets have two
 3380.48	 4.32	alternatives of similar value
 3382.56	 3.44	in star strider boots and war boots of
 3384.80	 3.28	obliteration
 3386.00	 3.76	they're kind of at the lowest prior of
 3388.08	 4.08	those three
 3389.76	 5.04	and enhance because they can utilize the
 3392.16	 4.80	hitch rating on boots of utter darkness
 3394.80	 4.24	if they are leather working they're a
 3396.96	 3.44	little bit behind hunters on the prior
 3399.04	 4.16	here so hunters
 3400.40	 3.84	are your main prior here there are some
 3403.20	 3.68	you know close
 3404.24	 4.24	options for hunter but overall you do
 3406.88	 3.92	want to put your hunters first here
 3408.48	 3.52	followed by your enhance especially if
 3410.80	 2.96	they're leather working
 3412.00	 4.24	your enhance should definitely go second
 3413.76	 4.56	here followed by reps but
 3416.24	 3.76	ultimately i wouldn't go right here
 3418.32	 3.36	unless literally nobody else wants them
 3420.00	 2.24	because there are better or similar
 3421.68	 3.60	options
 3422.24	 3.36	slash better options for rhett moving on
 3425.28	 3.04	to
 3425.60	 3.20	kraken heart bret place breastplate
 3428.32	 2.80	sorry
 3428.80	 4.48	now and this is a very good chest it's
 3431.12	 2.96	not quite this for either warriors or
 3433.28	 2.80	rep palla
 3434.08	 3.52	but it's pretty up there this is more
 3436.08	 3.36	than good enough for a warrior to
 3437.60	 2.64	utilize until they can get bloodsy
 3439.44	 4.08	brigand's vest
 3440.24	 4.96	after your rogue or rogues likewise this
 3443.52	 3.84	is very close to tier 5 chest to the
 3445.20	 5.28	point where you're probably putting this
 3447.36	 3.84	on rect as prio and letting the tier 5
 3450.48	 3.68	chest go
 3451.20	 3.76	go elsewhere in terms of min maxing loot
 3454.16	 4.00	value
 3454.96	 4.96	as such small rep prior here but
 3458.16	 4.00	also you know obviously warriors want
 3459.92	 3.20	this if they don't already have bloodsy
 3462.16	 2.40	brigands vest
 3463.12	 3.68	but they're probably going to get it
 3464.56	 6.64	relatively fast unless you have an
 3466.80	 7.92	army of rogues so generally rep first
 3471.20	 5.04	followed by fury slash arms warrior
 3474.72	 2.40	probably fury first because the hit
 3476.24	 3.36	rating
 3477.12	 3.12	kind of big one but both the warriors
 3479.60	 3.20	are going to want
 3480.24	 4.16	bloodsy brigands i believe anyway glory
 3482.80	 3.68	scoreless of crestfall
 3484.40	 3.60	really simple one still a really good
 3486.48	 5.28	item but a really simple one holy
 3488.00	 5.76	pal abyss moving on this brings us to
 3491.76	 5.12	ring of endless coils now
 3493.76	 7.20	this is just essentially the
 3496.88	 5.68	best non-spell hit ring for most casters
 3500.96	 4.48	i want to go too in depth here because
 3502.56	 5.12	it would become about as nitpicky as
 3505.44	 3.92	belt of 100 deaths but the item itself
 3507.68	 2.64	isn't good enough to go through all that
 3509.36	 3.52	hassle
 3510.32	 4.64	essentially it's just a direct upgrade
 3512.88	 6.08	on ring of recurrence for most
 3514.96	 5.68	and maybe you go low priority on arcane
 3518.96	 3.28	because the lack of intellect is
 3520.64	 5.04	actually kind of like a thing
 3522.24	 4.08	for arcane so you know maybe you go less
 3525.68	 3.60	there but
 3526.32	 3.68	either way think of it more as a can you
 3529.28	 3.60	fit the crit
 3530.00	 4.32	in and drop the hit stuff like that you
 3532.88	 2.88	know you have to think like that when
 3534.32	 4.24	you're talking about this one because
 3535.76	 4.00	it's not especially huge it is the best
 3538.56	 4.40	non-spell hit ring
 3539.76	 4.00	but again nothing crazy just a solid
 3542.96	 2.80	upgrade
 3543.76	 3.36	so go with more of like the gearing
 3545.76	 3.84	aspects don't use
 3547.12	 3.12	spec pro here maybe arcane should be
 3549.60	 4.24	lower
 3550.24	 5.84	just because there is no intellect on it
 3553.84	 3.36	we've then got coral band of the revived
 3556.08	 3.76	and this is
 3557.20	 4.88	this for all healers outright but that
 3559.84	 4.96	big chunky 27 spirit
 3562.08	 4.56	does lean you towards of course druids
 3564.80	 3.92	and priests first
 3566.64	 3.36	nothing too crazy obviously other
 3568.72	 3.20	factors
 3570.00	 3.12	bear in when you've only got a slight
 3571.92	 2.72	class bias
 3573.12	 4.00	but if you are nitpicking and there's
 3574.64	 3.60	two close candidates go for the spirit
 3577.12	 3.12	guys first because
 3578.24	 4.48	that's quite a lot of spirit for a ring
 3580.24	 5.28	as well as having absurd healing so
 3582.72	 3.60	slight prior priest druid but again this
 3585.52	 2.48	for all
 3586.32	 3.12	don't go too crazy on this one in terms
 3588.00	 3.84	of class context
 3589.44	 3.84	prison within a calm this is i think
 3591.84	 2.96	just a crystal because
 3593.28	 3.52	essentially if you're looking to drop
 3594.80	 4.56	threats the aq trinket is just
 3596.80	 3.84	outright better i believe so let's move
 3599.36	 4.80	on
 3600.64	 5.76	fang of vash now ironically
 3604.16	 3.36	despite the dagger normalization for
 3606.40	 3.28	rage um
 3607.52	 3.28	for warriors this is actually a very
 3609.68	 4.32	good tanking weapon
 3610.80	 5.28	if you're getting bad rng on
 3614.00	 3.76	mallet of the tides so my advertiser is
 3616.08	 5.20	a lot better just because
 3617.76	 5.20	it's got normalized 2.4 i think it is
 3621.28	 3.28	um as opposed to daggers being
 3622.96	 4.16	normalized i think
 3624.56	 4.08	at 1.8 or 2 something like that
 3627.12	 2.96	basically it's just worse to use a
 3628.64	 4.00	dagger than a mace
 3630.08	 3.52	for a warrior but if you haven't gotten
 3632.64	 3.92	out of the tides
 3633.60	 4.00	this is very good still so good in your
 3636.56	 3.60	prop warriors
 3637.60	 3.44	i guess it's good for your dagger rogues
 3640.16	 3.60	if they exist
 3641.04	 3.52	i literally haven't seen one apologies
 3643.76	 3.20	if that's you
 3644.56	 3.68	but i assume this is super good if
 3646.96	 3.76	you're a dagger rogue
 3648.24	 3.44	but it just doesn't seem to be a thing i
 3650.72	 4.24	want to say
 3651.68	 5.36	so moving on light fathom scepter that
 3654.96	 3.84	is this for everybody and i did allude
 3657.04	 4.64	to this one before
 3658.80	 5.28	in the phase one video lights justice
 3661.68	 5.28	got a prior to the spirit boys
 3664.08	 4.08	and here especially assuming everyone
 3666.96	 4.08	has likes justice
 3668.16	 4.56	from the spirit gang you do want to lean
 3671.04	 2.08	towards your shaman and holy palace
 3672.72	 3.20	first
 3673.12	 3.84	if you are min maxing to literally the
 3675.92	 4.24	maximum right
 3676.96	 5.28	it's best for all of them and you know
 3680.16	 5.60	you should probably go on other factors
 3682.24	 6.24	but because of the lights justice aspect
 3685.76	 4.00	the light fathom scepter is probably the
 3688.48	 4.00	biggest upgrade
 3689.76	 4.48	to your rhett's uh resto sorry resto
 3692.48	 4.88	shaman and
 3694.24	 6.72	holy palin first but it's not you know
 3697.36	 6.08	that important it's just the best option
 3700.96	 4.24	outright there are some interesting
 3703.44	 4.96	options for the spirit boys though
 3705.20	 5.60	as they wait for this as well so i would
 3708.40	 3.60	lean towards rest of shaman holy palin
 3710.80	 4.48	but just piss for
 3712.00	 4.72	all peelers this brings us to serpent
 3715.28	 4.16	spy and longbone this is
 3716.72	 3.28	just the best hunter item or weapon
 3719.44	 3.28	rather
 3720.00	 4.88	for this phase it's outright just hunt
 3722.72	 5.12	abyss go hunters
 3724.88	 3.60	in terms of differentiating between
 3727.84	 2.96	specs
 3728.48	 3.28	i wouldn't i would just go for merits if
 3730.80	 3.92	your survival
 3731.76	 5.28	is a pumper dedicated etc the value of
 3734.72	 4.96	keeping that survival happy versus the
 3737.04	 3.12	you know increase the bm gets slightly
 3739.68	 3.04	more
 3740.16	 3.20	over survival probably not a really a
 3742.72	 4.72	big deal
 3743.36	 7.60	either way but hunters here after that
 3747.44	 7.52	i i guess it's pretty decent for pvp
 3750.96	 7.60	17 stam crit ap but i don't believe
 3754.96	 6.56	it's the best option for any pve
 3758.56	 4.56	melee boys in their range slot i believe
 3761.52	 2.96	that it was reserved for the arcana
 3763.12	 4.96	steam pistol
 3764.48	 7.44	but this then takes us to the tier 5
 3768.08	 6.16	token helms the champ token has
 3771.92	 3.68	four candidates that view it as their
 3774.24	 6.32	abyss
 3775.60	 4.96	prop pala rep pala
 3780.84	 6.12	rogues and enhancement shamans
 3784.40	 3.68	so the weakest claim of the four we're
 3786.96	 3.36	going to start with process of
 3788.08	 4.80	elimination the weakest claim
 3790.32	 3.92	is the protadin and this is because
 3792.88	 4.56	their tier 4 helm
 3794.24	 5.84	which they likely have is pretty close
 3797.44	 4.80	since the block value is a little meh
 3800.08	 2.48	overall right it's an okay stat but it's
 3802.24	 2.72	a
 3802.56	 3.68	pretty messed up you know it doesn't
 3804.96	 3.12	make a big difference
 3806.24	 3.28	so if you were to ignore the block value
 3808.08	 3.52	for a moment
 3809.52	 3.52	the difference is not stark it's
 3811.60	 4.08	relatively small
 3813.04	 3.36	so you would put them last of those four
 3815.68	 4.16	specs
 3816.40	 5.52	here as mentioned
 3819.84	 3.68	your enhanced shamans want to hold on to
 3821.92	 3.28	their tier 4 helm
 3823.52	 3.04	and shoulders for the two-piece for as
 3825.20	 4.00	long as possible
 3826.56	 4.24	so this is going to be one of the later
 3829.20	 4.72	slots essentially
 3830.80	 5.84	you want the tier 5 helm to be the last
 3833.92	 4.24	of the four pieces alongside perhaps
 3836.64	 5.20	shoulder pads of the stranger
 3838.16	 6.40	to swap in over the tier 4
 3841.84	 3.12	two-piece bonus so ultimately this then
 3844.56	 2.56	puts
 3844.96	 4.56	enhance in that third slot you could
 3847.12	 3.60	argue that their claim is actually worse
 3849.52	 3.04	than the protadins
 3850.72	 4.24	but because of the value of the four
 3852.56	 5.92	piece i do lean towards enhance
 3854.96	 6.88	over the protadins first this then
 3858.48	 3.92	leaves us with rhett and rogue and both
 3861.84	 3.84	get a
 3862.40	 5.36	pretty sizable increase from this slot
 3865.68	 3.20	though for engineers if you're a rep
 3867.76	 3.52	pallet engineer
 3868.88	 4.16	the engineering goggles are better
 3871.28	 4.32	likewise
 3873.04	 3.84	rogues get a pretty substantial increase
 3875.60	 4.08	from their four piece
 3876.88	 3.68	and this is one of the better slots to
 3879.68	 3.84	get
 3880.56	 4.32	now the difficulty is that if they're
 3883.52	 3.68	running the tier 4
 3884.88	 3.60	2 piece this is typically with the helm
 3887.20	 3.76	and chest
 3888.48	 3.76	so whether they can equip it right away
 3890.96	 3.28	is a question mark
 3892.24	 3.44	i don't believe they can if it's their
 3894.24	 5.44	first piece
 3895.68	 6.24	but overall the claim of rogues is
 3899.68	 4.32	probably more important because of that
 3901.92	 3.76	four piece aspect
 3904.00	 3.44	but you could argue either way between
 3905.68	 4.16	the rhett and rogue here
 3907.44	 3.84	nobody will mind between the two but
 3909.84	 3.20	maybe
 3911.28	 3.52	if they're not engineers go rhett i
 3913.04	 4.80	guess if the engine is
 3914.80	 4.96	go rogue first unfortunately rogues do
 3917.84	 5.20	have that tier 4 awkwardness
 3919.76	 5.68	but overall rhett and rogue first
 3923.04	 4.88	followed by enhance and protodyn you
 3925.44	 5.04	could argue about switching around
 3927.92	 4.48	each two the top two and the bottom two
 3930.48	 4.08	you could switch those around based on
 3932.40	 4.00	your personal discretion or your loot
 3934.56	 3.92	council's discretion but
 3936.40	 3.20	there is definitely a stark contrast
 3938.48	 3.92	between the two
 3939.60	 3.68	two pairs all right so the defender
 3942.40	 3.36	token now
 3943.28	 4.16	and it's a bit of a clown fiesta all
 3945.76	 5.52	possible recipients
 3947.44	 6.64	want this yep you heard me correctly
 3951.28	 3.68	um so maybe a good time to grab a coffee
 3954.08	 3.28	as usual
 3954.96	 3.92	when there's this level of competition i
 3957.36	 4.88	got to be pretty harsh
 3958.88	 7.28	so first things first every spec that
 3962.24	 6.56	isn't feral druid that is engineering
 3966.16	 4.24	should be bottom prior the engineering
 3968.80	 4.64	goggles for all the specs
 3970.40	 5.60	bar feral druid are exceptionally close
 3973.44	 3.84	or better than tier five so just putting
 3976.00	 3.44	it out there
 3977.28	 3.04	if you're engineering and not a feral
 3979.44	 2.80	druid
 3980.32	 4.16	your bottom here it's just how it has to
 3982.24	 5.36	be because it's so contested
 3984.48	 5.60	following this unfortunately
 3987.60	 3.04	i've got a dunk on a speck that just
 3990.08	 2.16	isn't
 3990.64	 4.00	gonna do too hot in terms of scaling and
 3992.24	 6.00	that's prop warrior um
 3994.64	 5.84	it's it's not fair but essentially
 3998.24	 4.32	if properties are super serious about
 4000.48	 2.64	trying to squeeze out any advantage they
 4002.56	 3.12	can
 4003.12	 4.24	they're gonna go season two helm here
 4005.68	 2.96	whether that's slowly grinding it or
 4007.36	 2.96	whether that's respecting
 4008.64	 3.12	properly and having you know all the
 4010.32	 2.88	bells and whistles and grinding out
 4011.76	 4.24	points fast
 4013.20	 3.84	that's your best bet the problem as to
 4016.00	 2.64	why i think
 4017.04	 3.36	you know pro worries have to be near the
 4018.64	 3.28	bottom of this prior here is because
 4020.40	 3.36	they just don't scale
 4021.92	 4.00	immensely well between the difference
 4023.76	 3.44	between their tier five helm and their
 4025.92	 3.44	phase one bis
 4027.20	 3.52	it's just not substantial enough it just
 4029.36	 3.12	doesn't really warrant it
 4030.72	 3.44	it's the smallest upgrade to put it
 4032.48	 4.24	bluntly so
 4034.16	 4.40	port roy's a bottom only ahead of the
 4036.72	 4.96	engineers
 4038.56	 7.04	you then have a sort of like awkwardness
 4041.68	 6.40	where dps warriors feral druids
 4045.60	 3.92	rested and holy priests all get a pretty
 4048.08	 4.56	substantial
 4049.52	 3.52	upgrade from this token but none of them
 4052.64	 3.76	are
 4053.04	 6.64	super desperate for bonuses
 4056.40	 4.08	um and in particular you know in terms
 4059.68	 2.72	of ep
 4060.48	 3.52	and you differentiate between tanks
 4062.40	 3.36	healers dps
 4064.00	 3.20	that's more of a discretionary thing
 4065.76	 3.76	right in terms of
 4067.20	 4.72	how you view your overall like happiness
 4069.52	 2.40	building
 4073.60	 4.56	view your overall sort of approach to
 4076.08	 3.60	gearing up whether you value the tanks
 4078.16	 3.60	first or
 4079.68	 4.24	like to take more balanced approach but
 4081.76	 4.00	generally speaking you can loosely band
 4083.92	 4.72	those four specs together
 4085.76	 4.32	there is one standout spec and that is
 4088.64	 4.64	the boomkin
 4090.08	 3.92	so the boomkin really really wants four
 4093.28	 3.28	piece
 4094.00	 5.04	it uses four piece tier five in phase
 4096.56	 4.80	three to the best of my knowledge
 4099.04	 3.28	and essentially this means that it's a
 4101.36	 2.72	big ticket
 4102.32	 3.60	aspect to get that four piece rolling on
 4104.08	 3.84	your boomkin and
 4105.92	 3.84	to some degree you're not really helping
 4107.92	 5.28	your or prioritizing your boomkin
 4109.76	 5.12	anywhere in nearly every phase so
 4113.20	 3.68	to some degree this is both a really
 4114.88	 4.40	nice upgrade
 4116.88	 3.04	in terms of the helm slot and also
 4119.28	 2.64	provides
 4119.92	 3.28	one of the better pieces on the way to
 4121.92	 4.08	four piece bonus
 4123.20	 3.92	it's just one of those things where
 4126.00	 4.00	standalone
 4127.12	 4.40	boomkins aren't like fantastic dps but
 4130.00	 2.16	this is one of those cases where it just
 4131.52	 2.48	makes sense
 4132.16	 4.40	to go boomkin first they get a lot of
 4134.00	 4.40	value standalone the four piece is great
 4136.56	 4.88	they kind of want to rush that
 4138.40	 5.84	um so they get a nod over your ferals
 4141.44	 4.08	over your dps warrior over your healers
 4144.24	 3.44	um i will note
 4145.52	 4.16	that if you're super mid-maxi you
 4147.68	 4.40	probably want to go boomkin into feral
 4149.68	 4.56	because feral just gets a lot of value
 4152.08	 5.04	from their tier 4 into tier 5
 4154.24	 4.16	but again so do the healers so that
 4157.12	 5.12	there's a dps warrior
 4158.40	 6.40	so non-engineers very contested
 4162.24	 3.52	i'd go boomkin first pro or last
 4164.80	 2.40	unfortunately
 4165.76	 3.52	and then the remaining specs are kind of
 4167.20	 3.76	like very discretionary
 4169.28	 3.20	if you're really mid-maxi you probably
 4170.96	 4.56	go tank first which would be
 4172.48	 6.72	your pharaoh
 4175.52	 6.24	this then brings us to the hero token
 4179.20	 3.36	now once again it's a very very similar
 4181.76	 3.52	story
 4182.56	 3.76	who the corrupter is fine but just not
 4185.28	 3.36	used its
 4186.32	 3.36	tier 4 helm is typically going to be
 4188.64	 3.04	used or
 4189.68	 4.40	the engineering goggles depending on how
 4191.68	 3.84	that works works out for engineers those
 4194.08	 3.20	are goggles
 4195.52	 3.04	if they aren't engineers they're
 4197.28	 3.36	probably going to go tier 4
 4198.56	 3.68	helm along with the shoulders or along
 4200.64	 3.76	with the gloves one of those two
 4202.24	 4.00	to get the two piece so they don't
 4204.40	 3.68	really need the helm here
 4206.24	 4.00	in terms of the hunters again they need
 4208.08	 2.72	all four pieces for this to work out for
 4210.24	 2.88	them
 4210.80	 4.32	so this then means that you're gonna
 4213.12	 4.96	prioritize them less than your mages
 4215.12	 5.28	your majors have prio in terms of again
 4218.08	 4.88	differentiate between your mages
 4220.40	 3.60	maybe just choose who's got the next set
 4222.96	 2.56	bonus or who hasn't had
 4224.00	 3.52	an upgrade for a while that kind of
 4225.52	 4.32	stuff but mage's first tier
 4227.52	 4.72	followed by hunters looks not that
 4229.84	 4.08	interested in this token
 4232.24	 3.68	so now we're on to the trash drops but
 4233.92	 5.12	just before that i am about to show you
 4235.92	 6.08	why i was afking here i'm just gonna
 4239.04	 6.48	this real quick i still added value
 4242.00	 6.88	whilst i record this video
 4245.52	 6.56	yep i'm in maxin all day every day
 4248.88	 4.32	um yeah trash drops uh boots of courage
 4252.08	 3.92	and ending
 4253.20	 4.96	solid holy paler boots they're not biss
 4256.00	 2.80	but they're pretty damn good pen at the
 4258.16	 4.24	perilous
 4258.80	 6.24	as i've alluded to before is your best
 4262.40	 4.08	neck for your rep pallas and your
 4265.04	 4.16	worries i would lean
 4266.48	 3.92	warrior here first just because you
 4269.20	 3.68	don't give them a nod
 4270.40	 3.04	many places elsewhere and it's really
 4272.88	 2.96	nice
 4273.44	 3.92	the crit is really valuable to them
 4275.84	 3.84	spyglass of the hidden fleet
 4277.36	 3.52	not awful but nothing spectacular
 4279.68	 4.16	whoever wants it
 4280.88	 3.52	probably avoid crystal most times totem
 4283.84	 3.92	awful
 4284.40	 6.80	it's in that regrowth holy light um
 4287.76	 6.64	relic slash idle sort of mold so
 4291.20	 4.88	this is pretty much a void crystal wild
 4294.40	 5.28	food great stuff this is the
 4296.08	 5.60	best option for your feral tank assuming
 4299.68	 3.52	they are not pvp so the only
 4301.68	 3.76	differentiation here is
 4303.20	 4.56	if you've got a feral that is going to
 4305.44	 4.72	pvp for the season 2 mace
 4307.76	 4.08	you go for the guy who's not pvping or
 4310.16	 3.44	maybe will struggle or whatever
 4311.84	 3.28	the guy who's not going to get season 2
 4313.60	 4.00	maze quickly
 4315.12	 3.92	or at all or whatever you go that one
 4317.60	 3.76	first but generally this is a great
 4319.04	 5.12	stuff it's the best option
 4321.36	 4.48	as far as pve sources are concerned for
 4324.16	 4.72	your feral tanks
 4325.84	 6.32	serpents shuriken this is actually your
 4328.88	 5.68	best non-pvp thrown item as a prop
 4332.16	 4.32	warrior
 4334.56	 4.08	if you're doing arenas for arena points
 4336.48	 3.36	every week the gladiator throne weapons
 4338.64	 3.44	are a little bit better
 4339.84	 3.44	but this is very very nice and
 4342.08	 2.48	essentially takes that slot
 4343.28	 4.64	obviously it's a thrown weapon it's
 4344.56	 5.12	nothing crazy but it's good
 4347.92	 4.08	in terms of the patterns now these drop
 4349.68	 4.88	in tempest keep as well
 4352.00	 4.56	there are some standout ones again in
 4354.56	 3.04	terms of the bind on pickup patterns
 4356.56	 2.64	these are the ones you have to be a
 4357.60	 4.08	little more careful with right
 4359.20	 4.16	if they're crafted and can't be traded
 4361.68	 2.56	then you're not getting that guild wide
 4363.36	 3.52	benefit
 4364.24	 4.48	so the belts are all boe so you can just
 4366.88	 3.84	go to like the most reliable person
 4368.72	 4.16	who's always going to be in your guild
 4370.72	 3.60	to craft for everybody for free because
 4372.88	 3.36	things like that
 4374.32	 3.36	but the boots are the ones that you have
 4376.24	 3.92	to keep an eye on in terms of the
 4377.68	 3.68	individuals receiving them and there are
 4380.16	 3.84	a few standouts
 4381.36	 3.68	boots of blasting are really nice really
 4384.00	 3.60	really nice
 4385.04	 3.20	um boots long road are also pretty good
 4387.60	 3.20	they
 4388.24	 3.36	aren't the best option they're just
 4390.80	 3.36	solid
 4391.60	 3.92	so that's not as big ticket don't stress
 4394.16	 4.16	too much about those ones
 4395.52	 3.84	boots of blasting do have this
 4398.32	 3.20	connotations
 4399.36	 3.92	depending on spec i want to go through
 4401.52	 2.64	all these patterns individually in that
 4403.28	 2.88	respect but
 4404.16	 3.52	these are really really good so focus on
 4406.16	 2.72	boots of blasting going to the correct
 4407.68	 4.24	person
 4408.88	 3.68	boots of natural grace these are just
 4411.92	 2.88	about
 4412.56	 3.28	depending on your perception and what
 4414.80	 3.52	else you can get
 4415.84	 3.28	regarding resilience so arena mace for
 4418.32	 3.76	example
 4419.12	 4.16	these are potentially the best option
 4422.08	 3.04	for your feral tank
 4423.28	 3.12	if they want to if they already have
 4425.12	 1.92	leather working or if they want to pick
 4426.40	 3.68	up and drop
 4427.04	 4.40	leather working too uh boots of utter
 4430.08	 3.44	darkness as mentioned with
 4431.44	 4.72	enhanced stuff very very good for
 4433.52	 5.92	enhance not quite this but very useful
 4436.16	 5.52	if they can craft these don't go
 4439.44	 3.28	anywhere but enhance with boots about
 4441.68	 4.08	the darkness
 4442.72	 4.72	in terms of the rest of them i don't
 4445.76	 4.72	think it matters hurricane boots
 4447.44	 4.80	not too great um the belts are boe so no
 4450.48	 2.72	problem so those are the standouts just
 4452.24	 2.88	a quick rundown
 4453.20	 3.28	didn't script that bit so apologies if
 4455.12	 4.00	it wasn't super clear
 4456.48	 3.84	but that's serpent shrank cavern i'm
 4459.12	 2.24	actually going to pause the recording
 4460.32	 4.00	now because it's
 4461.36	 3.68	been a long one um for tempest keep as
 4464.32	 3.20	part two
 4465.04	 4.00	so i'll see you then hope you found the
 4467.52	 3.60	separate strength cavern useful
 4469.04	 6.00	and we'll get to tk very shortly in the
 4471.12	 3.92	next one
