    1.68	 6.00	you're not here and we're back with part
    4.80	 4.64	two for our phase two loot discussion
    7.68	 4.00	video and
    9.44	 5.28	just as a quick disclaimer as always
   11.68	 4.32	this is more of a loot bias this is
   14.72	 3.84	not really something that you should
   16.00	 3.84	take as gospel it is essentially just
   18.56	 4.32	the class
   19.84	 5.20	spec specific context to certain items
   22.88	 5.36	that i have gathered over scouring the
   25.04	 5.04	discords um and obviously i don't know
   28.24	 4.88	if timmy hasn't had knight for eight
   30.08	 5.68	weeks or jim is a slacker all that stuff
   33.12	 4.96	can't no so we're just looking at the
   35.76	 4.08	class context and we're back with
   38.08	 3.60	tempest keeping so the first i'm going
   39.84	 4.16	to look at is phoenix wing cloak and
   41.68	 4.56	it's a pretty good chunk cloak for your
   44.00	 4.40	plate tanks pat uh druids should be
   46.24	 4.40	nowhere near this they just don't want
   48.40	 4.48	what this cloak has to offer and in
   50.64	 3.84	terms of your palin versus your warrior
   52.88	 4.00	your warrior is going to be seeking
   54.48	 4.56	threat from this slot again because
   56.88	 4.00	that's kind of where their entire plight
   59.04	 3.84	comes from they're really tanky they
   60.88	 3.44	just need to find the threat so
   62.88	 3.92	typically this is going to go to your
   64.32	 4.16	paladins as part of their sort of big
   66.80	 3.68	sort of chunky set
   68.48	 3.60	as opposed to the spell damage cloak
   70.48	 3.68	that they may wear when they're being a
   72.08	 4.80	bit more aggressive and this then brings
   74.16	 5.12	us to mindstorm wristbands which are
   76.88	 5.12	quite an awkward one they are the best
   79.28	 5.12	caster braces for pretty much everybody
   82.00	 5.60	from a stat budget point of view there's
   84.40	 6.00	just a lack of good spell caster braces
   87.60	 5.04	throughout phase one and phase two and
   90.40	 5.44	these are just quite a bit ahead of all
   92.64	 5.04	the other options there's also no other
   95.84	 3.52	hit up there's no hit options here sorry
   97.68	 4.00	so this means that pretty much all
   99.36	 4.24	casters are going to be putting crit
  101.68	 3.92	rating into this slot you know how in a
  103.60	 3.68	lot of items we're differentiating
  105.60	 4.40	between casters
  107.28	 4.56	because of their hit situation or the
  110.00	 2.80	lack of hit they don't want any hit for
  111.84	 3.12	example
  112.80	 4.56	in terms of the elementals
  114.96	 4.80	specs like that in terms of these braces
  117.36	 4.80	though everybody doesn't have a hit
  119.76	 6.24	option so literally these are just going
  122.16	 6.16	to be the go-to now in terms of where
  126.00	 4.48	you might go first you're probably going
  128.32	 4.96	to be prioritizing this sort of
  130.48	 5.04	specific cloth based casters compared to
  133.28	 3.92	say elemental elemental shamans often
  135.52	 2.88	use netherstrike set which includes
  137.20	 3.04	braces
  138.40	 4.00	and that's not to say that those braces
  140.24	 5.04	are better than these but they are gonna
  142.40	 6.00	be breaking a set bonus to do so and the
  145.28	 4.80	set bonus is 23 spell damage so
  148.40	 3.92	by and large you're going to be moving
  150.08	 3.92	these more towards the cut the classes
  152.32	 4.16	that just don't have those crafted
  154.00	 4.08	braces in terms of the elementals
  156.48	 3.84	perhaps even your boom king they might
  158.08	 5.04	have windhawk they will be lesser on the
  160.32	 5.60	prio but by and large this can go to
  163.12	 4.88	anyone this is not really a class prior
  165.92	 5.04	item it's just far ahead of the other
  168.00	 5.20	options doesn't get used in phase three
  170.96	 4.32	as part of anyone's bis
  173.20	 5.04	so overall this is pretty much a one
  175.28	 5.36	phase bis item by a large margin you
  178.24	 3.84	might want to not go ellie first you
  180.64	 3.44	might not want to go boomkin first
  182.08	 4.64	because they're crafted options shadow
  184.08	 5.68	priests technically want the shadow
  186.72	 5.60	damage or shadow wrath blue braces or
  189.76	 5.04	servant quarter braces ahead of these
  192.32	 4.72	but it's quite rough to go for that rng
  194.80	 3.68	option so again maybe you don't want to
  197.04	 3.68	be that harsh from your shadow priest
  198.48	 4.16	either way this can go anywhere but you
  200.72	 4.56	might want to lean towards your typical
  202.64	 5.20	mage warlocks etc
  205.28	 4.88	this brings us to gloves of searing grip
  207.84	 4.64	and these are just grips of deafness
  210.16	 5.60	from karazhan but a bit better
  212.48	 5.04	and they are equally not as desirable as
  215.76	 3.44	first fought now don't get me wrong you
  217.52	 4.24	know these are expertise gloves people
  219.20	 4.56	do want them but they're just not crazy
  221.76	 4.64	you know like they are useful people do
  223.76	 4.64	want them they're just not insane if you
  226.40	 4.72	already have deafness and if you weren't
  228.40	 4.88	using deafness but these are your bis
  231.12	 4.32	it's quite a small sort of difference
  233.28	 4.88	between your second best so it's not too
  235.44	 5.04	crazy so tanks will use deafness or
  238.16	 4.48	these for threats but it's a relatively
  240.48	 4.00	small upgrade so you do not want to go
  242.64	 3.60	to your tanks first if you're being you
  244.48	 3.60	know really brutally honest it's just
  246.24	 4.08	not worth it from that point of view
  248.08	 4.80	it's better go to your dps that maybe
  250.32	 4.00	don't have expertise on gloves at all
  252.88	 3.84	but what classes just aren't going to
  254.32	 4.80	use these regardless and those are your
  256.72	 4.32	enhances and robes they want to use tier
  259.12	 4.96	5 gloves as part of their four piece
  261.04	 5.36	bonus which we've discussed already so
  264.08	 4.08	you're not going to go there obviously
  266.40	 2.88	this then leaves us with your plate boys
  268.16	 2.56	essentially if you're not looking at
  269.28	 3.52	tanks first and you're not looking at
  270.72	 4.00	enhance or rogue first you're pretty
  272.80	 4.40	much looking at your plate boys and
  274.72	 5.04	given that dps warriors aren't really
  277.20	 4.40	too interested in deafness they are the
  279.76	 3.76	spec that if they do want them and
  281.60	 4.64	that's the big question here because the
  283.52	 4.32	warriors as far as i know we're not
  286.24	 4.08	entirely sure whether they want all the
  287.84	 4.96	expertise off pieces in phase two yet or
  290.32	 4.56	not i haven't had confirmation yet but
  292.80	 3.76	if they do want these
  294.88	 3.76	they maybe should be ahead of your rep
  296.56	 4.64	palin purely on the basis that your rep
  298.64	 4.96	palin very much likely has deafness
  301.20	 4.00	because reps are expertise shields and
  303.60	 2.64	they've probably already got deafness
  305.20	 3.28	but
  306.24	 4.32	if everybody has deafness or the worries
  308.48	 3.44	aren't interested then your rep paddle
  310.56	 2.96	is going to be the most thankful here
  311.92	 2.88	that's just a given with the expertise
  313.52	 5.12	situation
  314.80	 6.32	so overall assuming warriors want these
  318.64	 4.96	and don't have deafness slash
  321.12	 4.40	you know they do want the expertise i
  323.60	 4.00	would lean towards fury warrior first
  325.52	 4.00	here just in terms of that two-phase
  327.60	 4.40	fairness right looking backwards and
  329.52	 4.96	forwards fury was maybe go first here in
  332.00	 4.32	terms of just the balanced approach if
  334.48	 2.96	you're being super nitpicky this is
  336.32	 2.32	going to be bigger on your rep
  337.44	 4.00	parliaments just because of the
  338.64	 4.40	expertise but you know my opinion is
  341.44	 2.96	that you'd maybe go fury warrior here
  343.04	 3.92	first
  344.40	 5.60	potentially followed by arms again not
  346.96	 4.64	100 sure at the time of recording that
  350.00	 3.60	these are where warriors want to be at
  351.60	 4.00	it's very very close
  353.60	 4.64	then you want to look at your reps
  355.60	 5.84	and then your tanks right so
  358.24	 4.56	if you're being super min maxi rep first
  361.44	 3.36	most likely
  362.80	 4.00	but in terms of the balanced and what
  364.80	 4.00	reps will already have equipped you're
  366.80	 4.88	probably looking at your warriors
  368.80	 4.24	but the big surety is that tanks are
  371.68	 2.80	probably going to be last here you're
  373.04	 3.52	just going to go there last when there's
  374.48	 4.40	no demand and they get a little boost
  376.56	 4.16	off their deafness gloves
  378.88	 3.28	this brings us to firecrest breastplate
  380.72	 4.80	which is far more straightforward than
  382.16	 5.92	the past two items it's a solid enough
  385.52	 4.64	holy paddling item but it's not too
  388.08	 4.24	crazy just go with wherever it's gonna
  390.16	 4.24	go as an upgrade obviously shamans can
  392.32	 3.12	use these too but
  394.40	 2.64	they are probably going to be using
  395.44	 4.24	different options too at the end so
  397.04	 4.80	overall good catch-up item going to be a
  399.68	 3.68	crystal more often than not after maybe
  401.84	 4.72	one or two weeks unless you've got a
  403.36	 3.20	freshie in your raid
  406.88	 2.72	and i've just noticed the cloud pop-up
  408.72	 3.84	again
  409.60	 4.88	this location for recording let's do
  412.56	 4.48	that real quick and go back to our
  414.48	 2.56	little spot
  417.92	 6.48	all right so this brings us to band of
  420.56	 6.72	alarm now band of allah is pretty much
  424.40	 6.48	bis oh sorry not this it's good for
  427.28	 6.48	everybody um and in terms of a non-hit
  430.88	 4.40	option again it's not quite this as far
  433.76	 2.64	as i can tell from all the options on
  435.28	 3.84	the discord
  436.40	 4.96	but for shadow priests it is shadow
  439.12	 4.32	priests don't really scale
  441.36	 4.64	very well with those secondaries aside
  443.44	 5.04	from shadow spell power sorry so
  446.00	 4.40	essentially because you're not really
  448.48	 4.24	prioritizing shadow anywhere
  450.40	 4.08	particularly strongly like on some of
  452.72	 3.76	the tier pieces you know
  454.48	 4.80	shadowpoints are relatively high but
  456.48	 4.40	they're never like super hardcore prior
  459.28	 3.84	in this case this is where you throw
  460.88	 4.48	them a bone it's not huge for anybody
  463.12	 3.92	apart from shadow priests and even then
  465.36	 4.00	it's not crazy for sure but it is
  467.04	 4.80	technically their abyss so go shadow
  469.36	 5.04	first and then go for whoever wants to
  471.84	 4.56	fit this in you know how casters are hit
  474.40	 3.84	situation do they want hit do they want
  476.40	 3.28	crit they don't want raw spell damage in
  478.24	 2.72	the case of shadow priest they really
  479.68	 4.24	want this
  480.96	 7.68	other specs could take it or leave it by
  483.92	 4.72	and large so shadow first then the rest
  488.96	 5.12	next we've got phoenix ring of rebirth
  491.76	 4.80	similar to band of allah it's pretty
  494.08	 5.20	good but not quite this for everybody in
  496.56	 4.56	terms of healers so in terms of the
  499.28	 3.84	upgrade potential that's where you're
  501.12	 4.80	prioritizing you don't want to use class
  503.12	 4.96	here it is you know debatable as to
  505.92	 4.96	which exact rings you'll use as a healer
  508.08	 4.40	but this is you know consensus very good
  510.88	 3.44	but not best maybe they don't have
  512.48	 3.36	maggie head ring in which case they're
  514.32	 3.44	probably more interested or more
  515.84	 3.84	deserving of this ring because their
  517.76	 4.24	rings are gonna be maybe less good but
  519.68	 4.48	by and large not a big ticket item your
  522.00	 4.08	healers probably won't be kicking a fuss
  524.16	 4.16	over this so just go with the upgrade
  526.08	 5.20	basis
  528.32	 5.36	telling of allah and tomafy redemption
  531.28	 4.40	as far as i'm aware i have not seen any
  533.68	 3.36	chatter about these trinkets so as of
  535.68	 3.92	recording i think these are void
  537.04	 4.88	crystals they just don't really do a lot
  539.60	 4.48	um and it's all rng it's a bit like the
  541.92	 3.60	the wild heart root for druids right
  544.08	 3.68	there's like the effects are not
  545.52	 4.40	inherently terrible but like the prop
  547.76	 3.52	crate and stuff just kind of is and it's
  549.92	 2.56	just not competitive with the best
  551.28	 3.36	options so
  552.48	 4.00	if people want them to try out sure but
  554.64	 4.72	they're they're pretty much rubbish
  556.48	 4.56	talisman of the sunking now
  559.36	 4.48	it's a really good well-rounded healing
  561.04	 5.36	offhand but is you know technically
  563.84	 6.16	lower throughput than the badge offhand
  566.40	 5.92	so it's treat it more as a catch-up item
  570.00	 3.76	or if you've got a big pvp in the guild
  572.32	 4.72	this might be where they want to be at
  573.76	 5.76	right 27 stan is actually huge obviously
  577.04	 4.96	got 24 in as well pretty good healing
  579.52	 4.48	and some mp5 that's probably looking at
  582.00	 4.16	catch up slash pvp
  584.00	 3.68	and i yeah i'm just assuming that's the
  586.16	 2.40	case of pvp it looks pretty good for
  587.68	 2.88	that
  588.56	 4.64	and this then brings us to
  590.56	 5.76	our two fist weapons now these look kind
  593.20	 4.96	of cool you know like they're okay
  596.32	 2.80	and the big one here in terms of the
  598.16	 3.92	talon
  599.12	 4.56	is that this is the best non-orc
  602.08	 3.60	enhanced shaman weapons so if you've got
  603.68	 3.28	an awk enhance this is not where they
  605.68	 3.92	want to be they want to be on the
  606.96	 5.20	blacksmithing weapon but if they are non
  609.60	 4.48	awk this is their best main hand
  612.16	 4.08	assuming they can pair it with a similar
  614.08	 4.56	speed or the same speed rather in the
  616.24	 4.08	offhand and the only really viable
  618.64	 4.40	candidate at this stage or this
  620.32	 5.68	itemization level is rod of the sun king
  623.04	 6.00	which we'll get to a bit later on
  626.00	 6.16	so first priority will be your enhance
  629.04	 5.20	here assuming they want to go the 2.7
  632.16	 4.24	routes and we will discuss this a tiny
  634.24	 5.04	bit more as we go through into nether
  636.40	 4.80	bane and roller sun king so keep with me
  639.28	 3.92	on the flow on the enhanced stuff in
  641.20	 5.44	terms of other than the enhance though
  643.20	 5.36	you're looking at your bm hunters so in
  646.64	 4.24	terms of bm they're going to be using
  648.56	 4.16	the two talents both of these talents in
  650.88	 3.84	combination with the weight stones to
  652.72	 3.12	max their dps assuming they're not melee
  654.72	 2.64	weaving
  655.84	 3.28	my thoughts on melee weaving are quite
  657.36	 3.12	negative i don't bring it to this video
  659.12	 3.28	but i would assume
  660.48	 3.76	most hunters are just going to go dual
  662.40	 4.32	world here and this is the best option
  664.24	 4.32	for your beastmaster hunters
  666.72	 5.20	following this again we'll claw the
  668.56	 6.40	phoenix in this specific instance this
  671.92	 5.36	is pretty much just your offhand for
  674.96	 4.40	your hunters it might be you know pretty
  677.28	 5.20	solid for warriors in the offhand but
  679.36	 5.76	nothing too special it's also notably a
  682.48	 5.36	pretty decent pvp weapon for rogues but
  685.12	 4.80	this is pretty much your bm hunter
  687.84	 4.32	offhand there's not really too much
  689.92	 4.40	demand here if there's any other niche
  692.16	 3.92	cases feel free to comment but as far as
  694.32	 5.44	i could tell from searching everywhere
  696.08	 5.60	this is just bm offend now on to
  699.76	 4.16	netherbane now this is an interesting
  701.68	 3.36	one it ties in with that speed aspect
  703.92	 2.80	that i was talking about with enhanced
  705.04	 3.92	shamans before
  706.72	 3.76	if you are
  708.96	 4.80	if you are a non
  710.48	 4.80	or sorry an orc non-blacksmith
  713.76	 3.68	this is your bis
  715.28	 3.68	because it's an axe and they're good and
  717.44	 3.52	you want two of these they're not unique
  718.96	 3.12	they're both one-handed really good for
  720.96	 3.20	that reason
  722.08	 4.48	similarly if you're just the non-orc and
  724.16	 4.16	you're not going for the talon play
  726.56	 3.44	you are going to want two of these so if
  728.32	 3.92	you don't go talon and brother the sun
  730.00	 4.00	king you're going two times never bane
  732.24	 5.60	those are kind of the two options you
  734.00	 6.48	have as a non-blacksmith or a non-orc
  737.84	 4.80	and this then brings us to the meat and
  740.48	 4.80	potatoes of the discussion right is that
  742.64	 5.92	the difference between talon and rod of
  745.28	 5.68	the sun king is six dps compared to two
  748.56	 4.96	nether banes so the gap is relatively
  750.96	 6.48	small we're talking small margins here
  753.52	 6.88	so it's quite viable to prioritize one
  757.44	 5.04	of your enhances on talon and rod of the
  760.40	 4.56	sun king and then follow that up with
  762.48	 3.60	your other enhance going for two times
  764.96	 3.12	nether bane
  766.08	 4.88	i think because of the small difference
  768.08	 4.80	most enhanced duos will probably be okay
  770.96	 4.16	with that i suspect that's what you want
  772.88	 4.40	to do regardless from a loop management
  775.12	 4.88	perspective unless you get you know
  777.28	 5.44	unnaturally long chains of drops like if
  780.00	 4.32	you go talon talon obviously you're
  782.72	 4.00	probably going to want to put 2.7
  784.32	 3.60	weapons on both enhances but by and
  786.72	 3.44	large
  787.92	 4.24	nether banes are really good for shamans
  790.16	 4.48	too and they're going to be near the top
  792.16	 4.40	but the assumption you have to make is
  794.64	 4.08	that if you're going enhance with nether
  796.56	 4.56	bane you want to give them the second
  798.72	 4.32	one it kind of like isn't that great to
  801.12	 3.44	go one and then start faffing around
  803.04	 3.20	with your other enhanced getting one and
  804.56	 5.04	stuff like that you pretty much want to
  806.24	 5.60	link these 2.6 weapon speeds and the 2.7
  809.60	 5.04	weapon speeds and give it to different
  811.84	 4.88	shamans or if you don't have a second
  814.64	 4.08	enhanced shaman then this is going to
  816.72	 4.08	your survival hunters because of the agi
  818.72	 3.68	it's really good in that respect
  820.80	 5.92	and it is the best option for your
  822.40	 6.88	survival so enhance prio followed by
  826.72	 4.56	your survivals and this is again not too
  829.28	 3.20	bad for your furry warriors in fact it's
  831.28	 3.04	probably
  832.48	 3.76	relatively good but you would rather go
  834.32	 5.12	elsewhere in terms of the furores they
  836.24	 5.84	do have substantial options in phase two
  839.44	 4.64	and this is good but nowhere near the
  842.08	 5.60	best options as far as i can tell for
  844.08	 3.60	fewer so keep that in mind
  849.28	 5.68	we then have arcanite steam pistol
  852.56	 4.80	and this is essentially a pretty nice
  854.96	 5.04	upgrade over the sun fury phoenix bow
  857.36	 4.24	now it doesn't take a genius to get to
  860.00	 3.92	the conclusion that if you're playing
  861.60	 4.96	alliance and have a dwarf hunter you
  863.92	 4.40	want to go dwarf here first they get
  866.56	 4.08	more value from the fact it's a gun
  868.32	 5.36	which is a rarity throughout
  870.64	 5.44	you know the loot tables in tbc also
  873.68	 4.16	so dwarf hunter prio but generally
  876.08	 5.28	speaking it's just a fantastic hunter
  877.84	 5.52	weapon until they get the vash bow which
  881.36	 3.52	is a bit better
  883.36	 2.80	overall though
  884.88	 3.60	once you have your hunters out of the
  886.16	 3.68	way whether that's this gun whether it's
  888.48	 4.00	the vash bow
  889.84	 4.56	once your hunters don't need this gun
  892.48	 3.92	this is rogues rogues really like this
  894.40	 4.48	weapon look at the hit look at the edgy
  896.40	 5.12	it is their best ranged weapon besides
  898.88	 5.12	your hunters so this then takes us to
  901.52	 5.84	the loot reaver and this is a really
  904.00	 4.72	interestingly easy boss even for 2007
  907.36	 3.52	pugs so
  908.72	 4.40	let's get started with crowd of the
  910.88	 4.64	grand engineer and this is a super high
  913.12	 4.40	budget item actually and that face value
  915.52	 4.16	looks super attractive right but the
  917.52	 4.56	lack of a meta socket and the abundance
  919.68	 6.64	of hit makes it really difficult to be
  922.08	 7.60	utilized for best setups
  926.32	 5.84	with that said though it is pretty good
  929.68	 5.20	overall for people that are in the tier
  932.16	 4.32	5 helm waiting room or maybe they're
  934.88	 3.76	catching up so this is one of those
  936.48	 4.24	items that are a stop gap item don't
  938.64	 5.12	think too hard it's not going to have
  940.72	 5.28	any real demand long term but in the
  943.76	 4.64	early weeks this can go anywhere it's a
  946.00	 3.68	substantial upgrade for the player in
  948.40	 3.28	question
  949.68	 4.08	don't go crazy with this one it's a nice
  951.68	 4.32	nice item but the lack of meta is a real
  953.76	 4.08	problem and the hit does make it a
  956.00	 4.08	little bit awkward for a lot of casters
  957.84	 5.20	because of the other items on the loot
  960.08	 6.40	table in this phase
  963.04	 5.36	okay so now gone to girdle of zaytar and
  966.48	 5.28	this is essentially
  968.40	 5.44	the best non-crafted belt for wrestle
  971.76	 3.84	druids shamans and paladins have better
  973.84	 3.92	alternatives but this is also you know
  975.60	 3.92	solid there it's a good good belt
  977.76	 4.88	but i will point out the belt of the
  979.52	 5.84	long road which is a boe craftable is a
  982.64	 4.88	little bit ahead of this in terms of pve
  985.36	 4.80	output a little bit more spirit very
  987.52	 5.84	similar healing and it has two sockets
  990.16	 5.12	also so you can nitpick either way here
  993.36	 4.16	but this is a very very good rest of
  995.28	 4.16	druid belt pretty much equivalent for
  997.52	 3.76	the long road belt so go wrestle druids
  999.44	 4.32	here first but if someone's you know
 1001.28	 5.52	rich or already sorted out the long road
 1003.76	 5.20	belt don't go there it's basically so so
 1006.80	 4.80	close in terms of value but yeah rest
 1008.96	 5.12	the druid belt
 1011.60	 4.16	void river greaves pretty decent
 1014.08	 3.76	particularly if you're a hunter that is
 1015.76	 4.24	hit kept and awaiting leggings of
 1017.84	 5.12	murderous intent which is from kale sass
 1020.00	 5.12	but they are nothing special so go where
 1022.96	 4.88	go wherever it's a solid upgrade
 1025.12	 5.68	especially if they aren't due a big item
 1027.84	 5.52	anytime soon um but yeah by and large
 1030.80	 4.56	more of a catch-up item very useful but
 1033.36	 3.92	nothing insane they're not going to end
 1035.36	 4.48	up in anyone's business as far as i can
 1037.28	 2.56	tell so far
 1040.64	 4.88	fell still war helm is one of those
 1043.12	 4.40	random helms that just don't
 1045.52	 5.44	fit the criteria they just they're also
 1047.52	 5.84	itemized so poorly that i i'm i think
 1050.96	 4.40	you'd struggle to put this on a even a
 1053.36	 4.56	catch-up item like meta sockets are so
 1055.36	 5.12	big especially for melee this is a
 1057.92	 5.96	crystal nine times out of ten if not 10
 1060.48	 3.40	out of 10 times
 1066.48	 4.96	all right so wrist guards of
 1067.68	 5.68	determination now and these are biss for
 1071.44	 3.92	your prop paddlers because of just look
 1073.36	 4.00	at all the avoidance on there that's
 1075.36	 3.92	kind of exactly where they want to be
 1077.36	 4.24	they'll be getting uncrushable as simply
 1079.28	 4.00	as possible as efficiently as possible
 1081.60	 4.00	and then you know going on to stack
 1083.28	 4.80	spell damage in slots that don't have
 1085.60	 4.56	super efficient avoidance on
 1088.08	 4.16	in terms of your warriors they should be
 1090.16	 4.08	nowhere near this realistically they're
 1092.24	 4.08	gonna want to use the pvp braces if
 1094.24	 3.68	they're min maxing but they're not bad
 1096.32	 5.52	here but you would definitely go prop
 1097.92	 6.08	powder first it's not really a question
 1101.84	 4.24	fell river's piston it's not an awful
 1104.00	 4.80	trinket but it's just not an important
 1106.08	 4.72	item it should go pretty much to a fresh
 1108.80	 4.00	character that maybe is gearing up for
 1110.80	 4.88	future raids or it's a reroll or
 1112.80	 4.32	whatever it's not awful it's okay for
 1115.68	 3.44	someone who has a trinket fetish and
 1117.12	 3.60	likes to just try stuff out but
 1119.12	 4.24	essentially
 1120.72	 4.16	it's just okay nothing crazy here don't
 1123.36	 3.76	think too hard
 1124.88	 4.56	bring onto warp spring coil now and this
 1127.12	 4.80	is a rare case where the class trinket
 1129.44	 5.04	is actually really good obviously it's
 1131.92	 4.80	only rogues but don't use that as sort
 1134.48	 3.68	of like a i'll turn our brains off this
 1136.72	 3.68	is really high value it's a very good
 1138.16	 4.16	trinket really good trinket so you
 1140.40	 3.92	definitely want to use all those other
 1142.32	 4.08	factors to determine which rogue gets it
 1144.32	 3.76	first if you have multiple and if you
 1146.40	 3.84	have the one which is you know
 1148.08	 4.88	technically ideal then grants them
 1150.24	 2.72	really really good
 1153.04	 3.44	all right so
 1154.24	 4.88	we're on to tier shoulders now and the
 1156.48	 4.32	champion token is fortunately
 1159.12	 4.00	quite straightforward
 1160.80	 4.88	prop paladins prefer to
 1163.12	 5.12	four two piece along with the tier four
 1165.68	 4.96	chest so they'll retain that two piece
 1168.24	 4.40	combo in the shoulders and chest slot
 1170.64	 4.88	likewise rest the shamans and ellie
 1172.64	 5.12	shamans want to utilize their two-piece
 1175.52	 4.48	elemental bonus via the helm and
 1177.76	 4.40	shoulders from tier four
 1180.00	 4.08	enhancement shamans and rep pillars want
 1182.16	 3.92	to use shoulder pads of the stranger in
 1184.08	 4.16	which they have top priority if you're
 1186.08	 4.24	following along this video and this then
 1188.24	 4.80	leaves holy paladins and rogues as the
 1190.32	 4.80	last two candidates and in terms of holy
 1193.04	 4.40	parliaments they're going to use tier 5
 1195.12	 4.56	or coral barbed shoulder pads depending
 1197.44	 4.32	on preferences but they're generally not
 1199.68	 5.92	too fussed about the bonuses they're not
 1201.76	 5.84	awful but you know they're just there
 1205.60	 4.24	so overall they have that strong
 1207.60	 4.56	alternative coral barbed shoulder pads
 1209.84	 4.56	are pretty good in terms of how close
 1212.16	 4.64	they are to these shoulders uh the tier
 1214.40	 4.64	five shoulders and in this case you can
 1216.80	 4.72	easily go rogue first here but holy
 1219.04	 3.20	pounds an easy second just because of
 1221.52	 2.16	the
 1222.24	 3.28	you know the lack of demand it's
 1223.68	 3.12	literally two specs that really want
 1225.52	 3.04	these shoulders
 1226.80	 3.68	and then you know then you've got the
 1228.56	 3.92	rest who might want them for a short
 1230.48	 3.60	time in terms of say for example you've
 1232.48	 3.52	not seen any shoulder pads of the
 1234.08	 3.84	stranger your in hearts might want to
 1236.00	 4.40	use the shoulders just to get their four
 1237.92	 5.36	piece online but in terms of min maxing
 1240.40	 4.64	the best possible outcomes for each spec
 1243.28	 4.32	you're probably looking at rogue first
 1245.04	 4.72	here assuming they're not like you know
 1247.60	 4.24	being super super stubborn and wanting
 1249.76	 4.88	to go shoulder pads of the stranger i
 1251.84	 4.72	would honestly recommend the tier five
 1254.64	 3.60	route as i've discussed before with the
 1256.56	 4.08	brigands vest
 1258.24	 5.12	but in case of its alliance and it's a
 1260.64	 4.24	human really really discouraged them
 1263.36	 3.12	from going the expertise route it's just
 1264.88	 4.00	not as crazy they've got so much
 1266.48	 4.96	expertise built in that they don't need
 1268.88	 5.44	that extra expertise item so rogues
 1271.44	 5.52	first then holy palin's and then
 1274.32	 4.56	wherever it makes sense but your holy
 1276.96	 4.00	pally might actually prefer korobart
 1278.88	 3.84	depending on their personal vision of
 1280.96	 4.40	what they want there's definitely a big
 1282.72	 4.48	debate still on like the whole mp5
 1285.36	 4.00	intellect spell crit thing people don't
 1287.20	 4.08	really agree on that
 1289.36	 5.12	and to be honest i i think it's kind of
 1291.28	 5.04	like a minor issue either way but yeah
 1294.48	 4.48	rogues first then holy paladins then
 1296.32	 2.64	whoever else
 1299.12	 4.80	onto vanquished defender now the
 1301.76	 4.40	defender token is highly highly
 1303.92	 4.24	contested as is pretty much the case for
 1306.16	 5.12	a lot of these defender tokens
 1308.16	 5.60	pretty much all the possible recipients
 1311.28	 5.04	want these as part of their abyss
 1313.76	 4.72	or extremely bit or extremely close to
 1316.32	 3.84	this setup and the reason i'm saying
 1318.48	 3.36	the potentially close to this is because
 1320.16	 4.40	of the warrior factor right i discussed
 1321.84	 4.72	how wasn't a hundred percent on whether
 1324.56	 3.92	warriors want tier v shoulders or
 1326.56	 3.76	shoulder pads of the stranger
 1328.48	 3.36	and this is where that little question
 1330.32	 2.72	mark comes in from my point of view
 1331.84	 2.56	anyway
 1333.04	 3.44	but assuming
 1334.40	 5.44	they do want these shoulders then
 1336.48	 5.28	everybody wants these shoulders so
 1339.84	 3.68	this does then still mean that i'm
 1341.76	 3.68	probably going to be less high on the
 1343.52	 3.76	warrior because shoulder pads exist
 1345.44	 3.76	because pauldrons of the wall dancer
 1347.28	 4.40	exist which we saw
 1349.20	 5.12	and just the wide demands that these
 1351.68	 4.72	shoulders have from other specs so i
 1354.32	 4.80	would put warrior low down here just
 1356.40	 4.48	because of the alternatives overall it's
 1359.12	 4.24	it's not really super fair in that
 1360.88	 4.56	respect but alternatives do make
 1363.36	 3.68	you know the gearing pathways simpler
 1365.44	 3.04	and more seamless in terms of
 1367.04	 3.28	performance so
 1368.48	 4.32	worries unfortunately near the bottom
 1370.32	 4.80	here in terms of your dps warriors
 1372.80	 5.36	prop warriors have a similar issue that
 1375.12	 5.36	we've discussed earlier the actual item
 1378.16	 5.44	itself isn't particularly good
 1380.48	 5.60	um but your non-pvp prop warriors do
 1383.60	 4.80	want to use the four piece here it is
 1386.08	 4.08	pretty decent in terms of keeping you
 1388.40	 3.60	know threat up with the rage generation
 1390.16	 3.76	that the 200 haste
 1392.00	 4.88	rating brings
 1393.92	 6.16	but the actual item itself isn't too hot
 1396.88	 5.04	block value you know iffy at best it's
 1400.08	 4.72	okay for threat in terms of your shield
 1401.92	 5.04	slam damage but realistically it's just
 1404.80	 3.20	not a super super good item
 1406.96	 2.72	and
 1408.00	 4.24	you know as we've discussed before pro
 1409.68	 5.04	worries don't scale too well in terms of
 1412.24	 5.52	you know producing more threats um the
 1414.72	 5.76	pve scenario is literally the exact same
 1417.76	 4.80	threat as last phase phase one um so
 1420.48	 4.64	again unfortunately prop wars are in
 1422.56	 4.56	this lower tier as well this is again
 1425.12	 4.56	not to diminish the fact that all specs
 1427.12	 5.20	probably want these it's just a case of
 1429.68	 4.48	these are the less good recipients but
 1432.32	 4.80	you know everyone wants them
 1434.16	 5.04	in terms of your priests
 1437.12	 3.04	if we talk about our shadow priests
 1439.20	 2.80	first
 1440.16	 3.84	they are very close to frozen shadow we
 1442.00	 2.96	have value so they should be one of the
 1444.00	 3.04	last
 1444.96	 3.76	but they do want that four piece bonus
 1447.04	 3.28	and that's the way the tricky part is
 1448.72	 2.96	right it's not that
 1450.32	 3.92	you don't you want your shadow priest to
 1451.68	 4.56	get the four piece bonus but by and
 1454.24	 4.80	large the frozen shadow we've set is
 1456.24	 5.44	pretty good by comparison given that
 1459.04	 4.88	they don't read scale with the crit on
 1461.68	 3.92	these shoulders so again you're probably
 1463.92	 3.76	putting shadow priest in the middle you
 1465.60	 5.44	know in that middle bracket of people
 1467.68	 5.44	who want it they have a good case for it
 1471.04	 4.24	but it's not super insane over what they
 1473.12	 4.40	had before and stuff like that so
 1475.28	 5.44	shadows probably in the middle on this
 1477.52	 6.00	one because the bonus is good but their
 1480.72	 5.84	pre-existing item is also very very good
 1483.52	 5.28	now in terms of your rester druid now
 1486.56	 4.88	the rest of druid shoulders are very
 1488.80	 4.88	very good if you have a tailoring rest
 1491.44	 4.32	to druid though these are not as
 1493.68	 4.32	appealing to go there early they are
 1495.76	 4.80	kind of in this middle bracket also they
 1498.00	 4.96	don't have any stick bonuses and
 1500.56	 5.76	obviously healers do have generally
 1502.96	 5.28	speaking a lower priority on most tier
 1506.32	 3.28	items because they conflict with other
 1508.24	 3.28	roles which
 1509.60	 4.00	enters a group think and you know
 1511.52	 4.00	overall perception just have less
 1513.60	 4.56	importance especially in classic
 1515.52	 4.72	iterations where the hps needs are often
 1518.16	 4.96	not really met with any real challenge
 1520.24	 5.12	like you can just do it so whilst these
 1523.12	 4.16	are very good for restaurants if they're
 1525.36	 3.76	tailoring they're less enticing to give
 1527.28	 3.44	there and also the healer factor
 1529.12	 2.40	unfortunately does diminish it a tiny
 1530.72	 3.52	bit
 1531.52	 5.44	and overall the bonuses aren't crazy
 1534.24	 4.24	they're solid enough but they just don't
 1536.96	 3.92	really make a real difference in terms
 1538.48	 4.08	of priority so along with shadow priest
 1540.88	 3.44	in the middle tier and i would put these
 1542.56	 4.32	slightly behind shutter priest in that
 1544.32	 4.96	middle tier would be wrestled
 1546.88	 4.64	this then leaves us with a three-way tie
 1549.28	 4.16	or three-way bracket i should say
 1551.52	 3.28	because i think that makes more sense
 1553.44	 3.84	when you start thinking about other
 1554.80	 4.48	factors in highly contested items you've
 1557.28	 3.28	got the other two
 1559.28	 3.68	specs
 1560.56	 4.64	of druid and your holy priest now the
 1562.96	 4.08	reason why the holy priest gets a pretty
 1565.20	 3.92	good mention here is despite being a
 1567.04	 4.08	healer these are quite a significant
 1569.12	 4.56	upgrade on what they would have prior
 1571.12	 5.84	they would have tier four or solas giver
 1573.68	 5.12	from phase one but they also you know
 1576.96	 4.48	by and large want to get that extra
 1578.80	 5.68	renew value it's not crazy as i
 1581.44	 5.68	mentioned healing is often the least
 1584.48	 4.72	needed sort of like push in terms of
 1587.12	 3.92	progression and stuff like that but this
 1589.20	 4.00	is you have to prior healers somewhere
 1591.04	 4.32	otherwise who would play healer right so
 1593.20	 4.24	this is a really nice item the set bonus
 1595.36	 5.04	is that they get kind of by accident is
 1597.44	 5.20	pretty good too with their full piece so
 1600.40	 4.72	holy priest is in that sort of top-ish
 1602.64	 4.16	prio even though you know there is that
 1605.12	 3.60	healer factor that's your discretion
 1606.80	 4.40	though for me i would put them up here
 1608.72	 4.64	just for a more balanced approach
 1611.20	 4.16	that leaves us with feral and boomkin as
 1613.36	 4.48	well and ferals just get an insane
 1615.36	 4.72	upgrade the bonuses are just not not
 1617.84	 5.04	fantastic they're okay like in the full
 1620.08	 5.68	piece is okay it's just added value
 1622.88	 4.88	but it's just the raw stats gain which
 1625.76	 4.72	helps druid a lot they scale really well
 1627.76	 4.48	with armor and all stats and essentially
 1630.48	 3.12	that's just the upgrade we get that's
 1632.24	 4.08	just how it works so it's a very good
 1633.60	 5.60	upgrade but the lack of a bonus factor
 1636.32	 6.32	means that i have you know unironically
 1639.20	 5.52	put boomies at the top end of this top
 1642.64	 4.80	bracket i would actually go
 1644.72	 5.36	boomy first here to be honest um just
 1647.44	 4.56	because of they play an underloved spec
 1650.08	 3.44	in terms of they have that one roll if
 1652.00	 4.24	you've got a booming
 1653.52	 4.16	the four piece is insane it's huge for
 1656.24	 3.76	them so
 1657.68	 3.92	in in a similar sense to your shadows
 1660.00	 4.48	and your holy priest what i'm saying you
 1661.60	 5.52	know you don't prior them often go boomy
 1664.48	 4.88	here very early you could debate whether
 1667.12	 4.08	you go with feral first or second or
 1669.36	 4.32	whatever but boomers should definitely
 1671.20	 4.64	be up there boomi wants that four piece
 1673.68	 3.92	they play you know a pretty nice roll as
 1675.84	 3.60	far as your ray dps goes with the
 1677.60	 3.92	improved very fire they're probably not
 1679.44	 4.48	going to get much love on the off pieces
 1681.52	 5.60	that are highly contested with you know
 1683.92	 5.76	warlocks mages etc so throw a bone here
 1687.12	 4.32	definitely boom is near the top here i
 1689.68	 4.88	would personally go boomy first but that
 1691.44	 5.44	is debatable either way boomi
 1694.56	 5.44	pharaoh holy priest in that top bracket
 1696.88	 4.88	for these shoulders followed by shadow
 1700.00	 3.84	priest uh shadow priest and rest of
 1701.76	 3.68	druid followed by the warrior specs
 1703.84	 3.84	again it's really close because
 1705.44	 5.04	everybody wants these fortunately we're
 1707.68	 5.28	getting two tokens per boss so won't be
 1710.48	 4.64	too crazy as the weeks unfold but in the
 1712.96	 4.96	early early weeks i would you know look
 1715.12	 4.48	at that boomkin pharaoh aspect the
 1717.92	 3.52	holy priest is also a very good
 1719.60	 4.40	candidate early on
 1721.44	 5.36	this then leaves us with the hero token
 1724.00	 4.24	and in terms of the hero token
 1726.80	 2.96	it's pretty much a similar story to what
 1728.24	 4.08	we've had before
 1729.76	 4.56	warlocks can use it as a solid slot it
 1732.32	 4.08	also looks really cool obviously
 1734.32	 3.28	but ultimately they do want tier 4
 1736.40	 2.08	shoulders
 1737.60	 2.32	probably
 1738.48	 2.88	in most cases
 1739.92	 3.20	they are going to use tier 4 shoulders
 1741.36	 3.28	along with the helm or the gloves
 1743.12	 4.08	depending on whether they're engineering
 1744.64	 5.36	or not and this is essentially just a
 1747.20	 4.72	good alternative to having tier 4
 1750.00	 3.68	shoulders but the tearful two-piece is
 1751.92	 3.60	where they want to be at so the demand
 1753.68	 5.28	for warlocks isn't especially high here
 1755.52	 4.88	it's not a bad item by any means but the
 1758.96	 3.20	gap
 1760.40	 4.08	between these and having the two pieces
 1762.16	 3.60	quite vast so they want the two piece if
 1764.48	 4.32	they're using tier 4 shoulders which
 1765.76	 5.36	they probably do already right so
 1768.80	 3.84	warlocks are last again here is just how
 1771.12	 3.92	the tier plays out
 1772.64	 5.04	in terms of hunter versus mage it's the
 1775.04	 4.88	same story or your dilemma that you've
 1777.68	 3.52	got do you just hard pray over hunter
 1779.92	 4.40	and try and get some hunters on four
 1781.20	 5.36	piece already or do you go mage i think
 1784.32	 5.20	just from a dps difference perspective
 1786.56	 5.44	the mage sets are more impactful because
 1789.52	 6.16	hunters get a lot from beastlord it's
 1792.00	 6.08	not far behind so again i would go mage
 1795.68	 4.32	here in terms of
 1798.08	 4.24	why some i just noticed they've got
 1800.00	 4.00	merciless gladiator silk and mess on the
 1802.32	 4.08	on the add-on how do i report a bug in
 1804.00	 3.84	this add-on either way
 1806.40	 4.24	you can't see it here because it's the
 1807.84	 4.32	merciless shoulders for some reason
 1810.64	 3.36	but essentially
 1812.16	 3.28	majors first here whether you
 1814.00	 3.60	differentiate between your fires and
 1815.44	 3.68	your arcanes probably comes down to is
 1817.60	 3.44	an arcane mage
 1819.12	 3.76	getting two-piece or is a you know a
 1821.04	 2.72	major king four piece
 1822.88	 2.88	of
 1823.76	 4.32	other factors but mage probably goes
 1825.76	 4.72	first here if you're looking at just raw
 1828.08	 3.76	raid performance but you know hunters
 1830.48	 3.36	are a good candidate they're gonna want
 1831.84	 4.40	four piece at some point
 1833.84	 4.72	so you know how it is it's one of those
 1836.24	 4.16	awkward ones but mage first is probably
 1838.56	 3.36	where i'd be at as always
 1840.40	 3.04	hunter's second just because of how
 1841.92	 3.92	close beast lord is and they have to
 1843.44	 5.12	retain that set bonus and then warlocks
 1845.84	 6.08	who just aren't too bothered overall
 1848.56	 5.52	this then brings us to salarian
 1851.92	 4.16	and star salt breeches are a pretty nice
 1854.08	 3.52	item but they're pretty much a catch-up
 1856.08	 3.76	item for a healer that doesn't have
 1857.60	 4.64	their phase one biss by and large the
 1859.84	 4.24	lack of sockets hurts this quite
 1862.24	 3.92	quite a lot but it's a pretty decent
 1864.08	 4.16	item so just go for the biggest upgrade
 1866.16	 4.08	in terms of trousers of the astro months
 1868.24	 4.32	they are a very nice option whilst your
 1870.24	 5.44	arcane mage and shadow priests are in
 1872.56	 5.20	the tier 5 legs waiting room but again
 1875.68	 3.92	stick to biggest upgrade here if they
 1877.76	 4.08	have spell strike versus somebody who
 1879.60	 4.00	doesn't or isn't that interested in them
 1881.84	 3.04	like either way there's going to have
 1883.60	 3.76	some value
 1884.88	 5.28	for arcane and shadow as they wait
 1887.36	 5.20	probably the best candidates but overall
 1890.16	 4.88	it's not this for anybody as it stands
 1892.56	 5.60	from what i can tell so you can go just
 1895.04	 3.12	the biggest upgrade here
 1898.48	 4.40	speaking of a contested item though vamp
 1901.20	 3.44	braces of ending are
 1902.88	 4.56	quite competitive but they are not
 1904.64	 3.84	particularly huge as an item itself
 1907.44	 3.36	right so
 1908.48	 4.88	it's a contested item
 1910.80	 4.56	but the value in the braces slot
 1913.36	 4.56	pretty much always isn't crazy
 1915.36	 6.56	regardless and the upgrade over the
 1917.92	 7.04	other options is not crazy either so
 1921.92	 5.20	hunters enhances and monocats
 1924.96	 3.84	potentially feral tank threat but
 1927.12	 4.24	probably not because of just how good
 1928.80	 5.68	the pvp braces are so hunter's enhanced
 1931.36	 5.20	monocats this is their best option true
 1934.48	 5.12	aim stalker bands are very close for
 1936.56	 5.60	hunters and enhances but monocats are a
 1939.60	 5.92	very rare breed so it's pretty much your
 1942.16	 6.32	hunters and enhance as far as duking it
 1945.52	 4.64	out and i would use loot history or you
 1948.48	 4.08	know recent sort of luck to
 1950.16	 4.88	differentiate right braces is not a huge
 1952.56	 4.40	slot these are biss you know but they
 1955.04	 4.40	are it's not all those items what you
 1956.96	 4.08	lose your over right so this can go
 1959.44	 4.40	to your hunter your enhance this for
 1961.04	 5.12	both but in terms of mono cats if you
 1963.84	 3.44	really have a mono cat that's good and
 1966.16	 4.24	you love them
 1967.28	 3.92	technically they should be higher
 1970.40	 2.80	but
 1971.20	 5.76	whether you have one is probably a
 1973.20	 6.24	rarity so just keep that in mind
 1976.96	 4.80	world storm gauntlets so these are the
 1979.44	 4.24	best rest of shaman gloves you can get
 1981.76	 4.56	and they are the second best you can get
 1983.68	 4.08	for holy pala behind the gloves that you
 1986.32	 3.12	get from i believe is flash we've
 1987.76	 4.24	already covered them so it's a clear
 1989.44	 5.20	shaman prior here they are the outright
 1992.00	 4.80	best option by quite some marching
 1994.64	 4.40	next we've got star strider boots and
 1996.80	 3.92	these are pretty decent and they have
 1999.04	 4.32	wrecked all over them basically they are
 2000.72	 3.84	the only spec that views these as a top
 2003.36	 3.28	top option
 2004.56	 4.24	and whilst they are far from bad for
 2006.64	 4.00	hunters and enhance rhett is the spec
 2008.80	 4.96	that actually has an eye on these as an
 2010.64	 5.04	actual item to use so you're gonna go
 2013.76	 4.24	right here and that frees up
 2015.68	 4.64	alternatives that are slightly better
 2018.00	 4.64	for your hunters and enhances up because
 2020.32	 5.20	the ret is going to take the l on those
 2022.64	 4.80	ones and go for these essentially so ret
 2025.52	 3.84	go here and then your hunters and
 2027.44	 4.16	enhancers are free to get the better
 2029.36	 4.32	options for them
 2031.60	 3.92	schedule of the righteous path it's a
 2033.68	 2.80	solid holy palace belt but not much else
 2035.52	 3.44	to say
 2036.48	 4.96	pretty much a catch-up item or if you
 2038.96	 3.84	got unlucky on the belt slot but not
 2041.44	 3.28	gonna be this
 2042.80	 4.16	this brings us to greaves of the blood
 2044.72	 3.92	water and these are some very very nice
 2046.96	 5.12	legs for your dps warriors whilst they
 2048.64	 6.08	are waiting for murderous intent
 2052.08	 4.64	likewise they are solid for reps also
 2054.72	 5.04	but they also have the alternative
 2056.72	 5.36	option of tier 5 if murderous intent is
 2059.76	 3.36	being hulked by all the hunters
 2062.08	 3.52	so
 2063.12	 4.80	i would lean dps warriors first here
 2065.60	 4.56	just because dps warrior tier five legs
 2067.92	 4.48	are pretty bad so if you go a long
 2070.16	 5.36	streak without getting many leggings of
 2072.40	 6.16	murderous intent they're gonna struggle
 2075.52	 5.68	to get to your warriors potentially
 2078.56	 4.80	and as such this is the next best option
 2081.20	 3.76	for them and
 2083.36	 3.68	brett's having that tier five option
 2084.96	 4.08	cards the tracks from that right because
 2087.04	 4.64	they have two alternatives as opposed to
 2089.04	 4.48	one to the murderous intent legs you go
 2091.68	 4.96	warriors first here
 2093.52	 6.08	notably though these are not bis for
 2096.64	 5.12	anyone in terms of the dps specs they
 2099.60	 4.64	all want murderous intent from chaos
 2101.76	 3.84	which we'll just discuss in a moment
 2104.24	 4.64	but
 2105.60	 5.68	if your prop warrior is giga serious and
 2108.88	 4.64	he's doing arena every week to make sure
 2111.28	 4.48	that he can get the two-piece gladiator
 2113.52	 5.36	set bonus to make sure his set is as
 2115.76	 5.44	good as it possibly can be for pve
 2118.88	 5.52	this is actually prop warrior abyss they
 2121.20	 4.80	just stack 36 stam into the gem slots
 2124.40	 3.92	and call it a day and the reason they
 2126.00	 4.64	can do that is the resilience covers the
 2128.32	 4.40	lack of defense and if you look at it
 2130.64	 3.84	without defense goggles on these are
 2132.72	 4.00	actually really pushed high armor
 2134.48	 5.84	because their plate 50 strength almost
 2136.72	 6.00	almost 50 stam 31 crit which is ok ish
 2140.32	 4.16	as far as proper stats go into the
 2142.72	 3.76	threat like they don't scale that well
 2144.48	 3.12	threat at all but crit at least does
 2146.48	 2.40	something
 2147.60	 3.84	and then you've got the three sockets
 2148.88	 4.64	for that extra chunk so these are good
 2151.44	 3.20	for your prop warrior if they're super
 2153.52	 3.84	serious
 2154.64	 5.12	but if not these are all day every day
 2157.36	 3.92	your warriors and then if nobody else
 2159.76	 4.72	wants them they can go to your rep as
 2161.28	 5.84	well as a very nice option too
 2164.48	 5.60	this then brings us to boots of the
 2167.12	 6.00	resilient now these are pretty much
 2170.08	 4.80	okay for any plate tanks both tanks will
 2173.12	 3.28	want to use different boots though in an
 2174.88	 5.52	ideal world
 2176.40	 5.44	as far as warriors usually the pvp boots
 2180.40	 3.60	just because of that resilience factor
 2181.84	 4.56	again and for powerlines it's going to
 2184.00	 6.16	be the crafted boots most of the time
 2186.40	 6.16	but those are bind on pick up
 2190.16	 4.96	and crafted so they'd have to be
 2192.56	 4.40	blacksmithing to obtain those so again
 2195.12	 3.92	these might be the option for your prop
 2196.96	 4.24	pala but either way they can go to
 2199.04	 4.00	either plate tank i think
 2201.20	 3.84	some prop paladins might be tempted to
 2203.04	 4.00	go blacksmithing just to get the boots
 2205.04	 4.24	because they are pretty damn nice
 2207.04	 4.24	anyway getting onto solarian sapphire
 2209.28	 4.16	it's actually a really nice trinket from
 2211.28	 4.64	a raid perspective you can swap it in
 2213.44	 4.40	and shout and back out ahead of the
 2215.92	 3.68	fight as far as i know
 2217.84	 4.08	i haven't tested it on ptr but that's
 2219.60	 4.80	what i've heard people saying so
 2221.92	 4.24	overall really nice just to use as
 2224.40	 5.04	essentially a stat stick ahead of a
 2226.16	 5.20	fight um prop war is if if you have to
 2229.44	 4.00	equip it to retain the extra attack
 2231.36	 4.64	power prop warriors could use this
 2233.44	 4.56	pretty decently to ensure that battle
 2236.00	 4.48	shout gets the extra ap but then they
 2238.00	 4.56	don't have the talent so oh don't often
 2240.48	 4.40	have the talent so it's a bit awkward by
 2242.56	 5.36	the way pretty decent trinket
 2244.88	 5.52	however void star talisman is not a
 2247.92	 3.60	decent trinket for pve
 2250.40	 3.04	it's
 2251.52	 3.76	you know maybe i i don't even want to
 2253.44	 3.76	say i don't think it has a use in pvp
 2255.28	 4.56	but i don't know is pet resistance
 2257.20	 4.40	actually useful potentially maybe but
 2259.84	 3.92	either way this isn't going to have any
 2261.60	 3.84	real demand from your pve players at the
 2263.76	 3.04	very least probably not anybody like
 2265.44	 3.68	being truthfully honest here probably
 2266.80	 5.92	avoid crystal immediately but i don't
 2269.12	 7.12	know this intimately so i won't pretend
 2272.72	 6.80	moving on to heart razor now no real pve
 2276.24	 6.64	application it's 1.8 so it might have
 2279.52	 4.32	some pvp applications for ambushing
 2282.88	 2.80	but
 2283.84	 3.84	if you have a dagger rogue
 2285.68	 4.56	this is going to be worse than fang of
 2287.68	 4.72	ash and i'm not sure i've ever seen a
 2290.24	 3.28	dagger rogue so far in tbc
 2292.40	 2.64	so
 2293.52	 3.20	this kind of is going to be a crystal a
 2295.04	 3.68	lot of the time
 2296.72	 4.80	i i guess if you have like an
 2298.72	 4.48	under-geared fury warrior this is okay
 2301.52	 3.12	in the offhand but
 2303.20	 2.48	we're really scraping the barrel here
 2304.64	 3.76	this doesn't really have many
 2305.68	 4.64	applications so don't think too hard
 2308.40	 5.04	ethereum lifestyle now
 2310.32	 5.28	this is a nice stuff pve wise it's not
 2313.44	 4.56	too far away from tears of heaven and
 2315.60	 4.96	lights justice as a combination but it's
 2318.00	 4.72	got pretty huge regen attached to it
 2320.56	 5.04	with the spirit and would be a decent
 2322.72	 5.52	side grade or small upgrade
 2325.60	 3.76	on what phase one this essentially is
 2328.24	 4.00	for some
 2329.36	 4.64	uh in particular this is very very good
 2332.24	 3.84	for pvp because of the spirit for
 2334.00	 6.24	priests and druids in those manor wars
 2336.08	 6.72	and innovating and stuff so in terms of
 2340.24	 4.88	where this might lean towards you might
 2342.80	 4.48	want to go here with your arrested druid
 2345.12	 4.32	who really wants it and might use it in
 2347.28	 4.40	pv as well because of that extra regen
 2349.44	 4.56	factor within with spirit and innovating
 2351.68	 4.08	stuff because it's kind of close to or
 2354.00	 2.96	pretty close to lights justice and tears
 2355.76	 4.24	of heaven so
 2356.96	 5.52	by and large you're looking at a good
 2360.00	 4.80	catch-up slash side grade
 2362.48	 4.16	plus the pvp factor i wouldn't think too
 2364.80	 4.08	hard here obviously the spirit leans it
 2366.64	 4.96	towards priests and druids anyway but
 2368.88	 5.04	between those two classes
 2371.60	 5.84	uses the other factors do they pvp do
 2373.92	 3.52	they actually want it etc
 2379.04	 4.80	wonder the forgotten star now this is
 2381.36	 5.20	just gigabis as a one from ages and
 2383.84	 5.28	warlocks so here i've more so again
 2386.56	 4.16	other merits this does get replaced in
 2389.12	 3.76	phase three
 2390.72	 3.60	and essentially it's just the best
 2392.88	 3.12	option as far as ones go because it's
 2394.32	 3.12	just got the most budget on it right you
 2396.00	 3.44	can see the primaries have been chopped
 2397.44	 4.16	off and they're just putting all the
 2399.44	 4.64	budget into secondaries and that's
 2401.60	 4.56	exactly where pve sort of performance
 2404.08	 5.12	comes from by and large so
 2406.16	 5.44	here go with anyone but go on the other
 2409.20	 4.80	factors it is a very nice item and
 2411.60	 5.20	deserves some thinking it's just that
 2414.00	 4.56	class doesn't make too much sense since
 2416.80	 3.92	it's just super efficient as an item
 2418.56	 4.48	it's a bit like those braces right
 2420.72	 4.16	you kind of just want to go with a
 2423.04	 4.08	pumper it's going to stay and it's going
 2424.88	 4.16	to get replaced phase 3 anyway all those
 2427.12	 3.28	things it's it's just a good good item
 2429.04	 3.84	that is bis
 2430.40	 4.00	but ultimately you know when a you don't
 2432.88	 2.96	want to go on class basis here it's
 2434.40	 3.76	called all the stats instead of just
 2435.84	 4.48	having one stat and no alternatives this
 2438.16	 4.00	is has all the stairs so
 2440.32	 5.12	i would not use class prior here and
 2442.16	 4.56	this moves us on to kale that's finally
 2445.44	 3.04	and we've got
 2446.72	 4.12	royal cloak of the sunstripes and this
 2448.48	 7.04	is a pretty good cloak for hit capped
 2450.84	 8.20	casters and is just about this
 2455.52	 5.52	for arcane in some simulations now again
 2459.04	 4.24	this is we're doing very very fine
 2461.04	 5.28	margins here so
 2463.28	 5.20	by and large this is you can assume this
 2466.32	 3.52	is just good for most people that can
 2468.48	 3.20	fit it in
 2469.84	 3.92	but if we're being really nitpicky i
 2471.68	 3.76	think it's tiny bit ahead of other
 2473.76	 3.76	cloaks for arcane because of that int
 2475.44	 3.76	factor and the nice spell damage
 2477.52	 3.84	obviously doesn't hurt
 2479.20	 4.16	i do want to point out though is that
 2481.36	 5.12	this has got a lot of chunk
 2483.36	 4.80	it's got spell damage on it so without
 2486.48	 3.12	you know it doesn't take a genius to
 2488.16	 2.96	realize that your prop paladins are
 2489.60	 2.96	going to be super interested in this for
 2491.12	 3.60	their threat set
 2492.56	 4.08	and there is a point where
 2494.72	 3.60	assuming this is indeed this for arcane
 2496.64	 3.76	which i believe it is it's pointed out
 2498.32	 3.52	to me by a few dps between videos that
 2500.40	 3.92	this is this
 2501.84	 5.12	you would then probably look at does
 2504.32	 5.12	your prop paddling really want it um
 2506.96	 4.96	because it is quite unique in terms of
 2509.44	 4.88	the high stam big big spell damage
 2511.92	 4.24	without any critical hit on it which is
 2514.32	 3.36	you know debatable as to whether that's
 2516.16	 3.28	going to be what you where your palate
 2517.68	 3.68	wants to be the raw spell damage across
 2519.44	 3.36	the board is just super nice in that
 2521.36	 3.20	respect especially with the consecration
 2522.80	 3.68	aspect as well
 2524.56	 3.84	but obviously we've got shadow up in
 2526.48	 4.48	here too right shadow
 2528.40	 4.96	technically get more spell power from
 2530.96	 4.80	going for those random roles
 2533.36	 3.84	like the blues of shadow wrath
 2535.76	 3.44	but assuming they can't get hold of
 2537.20	 4.48	those which must be a pain in the ass
 2539.20	 4.80	it's very good on shadow priests too so
 2541.68	 4.32	i would be looking at three specks here
 2544.00	 4.08	followed by anyone who can fit this in
 2546.00	 4.72	it's a very nice cloak for most people
 2548.08	 3.84	but arcane shadow prop pala is where you
 2550.72	 2.56	want to be at
 2551.92	 3.04	what whether you did where you
 2553.28	 4.24	differentiate between these three
 2554.96	 4.72	classes or specs is pretty much based on
 2557.52	 3.92	what they already have does it fit right
 2559.68	 4.24	now like for example is your prop
 2561.44	 5.04	palliative uses for threat right now or
 2563.92	 4.88	does he need to use a mitigation cloak
 2566.48	 4.72	to stay unquestionable stuff like that
 2568.80	 6.08	like ask the questions but those are the
 2571.20	 5.76	three standout specs on this cloak
 2574.88	 4.32	we've then got sun shower light cloak
 2576.96	 5.44	and this is this absolute best for all
 2579.20	 5.68	healers again the spirit does lean it
 2582.40	 4.72	towards pal uh druids and priests almost
 2584.88	 5.36	made a dirt there jews and priests
 2587.12	 5.28	obviously there's a spirit but
 2590.24	 5.04	notwithstanding of that this is just the
 2592.40	 5.12	abyss cloak for healing and it's just a
 2595.28	 5.20	nice upgrade over the prince cloak for
 2597.52	 5.28	all healers so whilst you might lean
 2600.48	 5.12	priest and druids ever so slightly it's
 2602.80	 5.60	just this so again the prio is very
 2605.60	 4.48	loose on this one
 2608.40	 3.52	and this brings us to the thalassian
 2610.08	 2.88	will the cloak and this is a really good
 2611.92	 4.00	cloak
 2612.96	 4.72	but it's not actually crazy if the spec
 2615.92	 3.36	in questions already using vengeance
 2617.68	 3.76	wrap we've discussed this briefly on
 2619.28	 3.92	razor scale battle cloak as well
 2621.44	 3.28	but rap is super pushed because it has
 2623.20	 3.44	no primaries and this gets all the
 2624.72	 3.84	budget in a gem slot and some
 2626.64	 3.52	secondaries and because cloaks don't get
 2628.56	 3.92	a ton of budget until the infamous
 2630.16	 3.92	sunwell cloak this isn't going to be
 2632.48	 3.76	night and day this is not going to rock
 2634.08	 4.08	anyone's world overnight but with that
 2636.24	 4.32	said your hunters are probably the best
 2638.16	 4.88	shout here first they don't get too many
 2640.56	 4.56	priors in tier 5 which is you know
 2643.04	 4.00	surprising on face value but when you
 2645.12	 3.76	get into it you know it kind of makes
 2647.04	 4.48	sense but generally speaking this is
 2648.88	 5.36	where you want to go hunters first um
 2651.52	 4.96	and it is the biggest improvement over
 2654.24	 4.16	venue trap and second best options for
 2656.48	 4.56	hunters again we're talking about a
 2658.40	 4.80	cloak so the difference isn't insane you
 2661.04	 4.56	don't need to you know really be upset
 2663.20	 4.96	if you didn't win this first as a hunter
 2665.60	 4.80	but there is that factor also of the aji
 2668.16	 3.92	value you're looking at survival in that
 2670.40	 3.84	respect if you really nitpicking
 2672.08	 3.84	survival hunters first
 2674.24	 4.32	and again we're not prioritying survival
 2675.92	 4.64	hunters basically nowhere so this is a
 2678.56	 5.60	good place to start giving just a little
 2680.56	 5.12	bit of love but overall hunters first
 2684.16	 3.84	and following that it's a bit of a clown
 2685.68	 4.88	fiesta because vengeance trap and razor
 2688.00	 4.56	scale battle cloak are so good and so
 2690.56	 4.08	close for feral and enhance in
 2692.56	 3.76	particular
 2694.64	 3.68	as well as reps but i believe vengeance
 2696.32	 4.16	wrap wins for rep just a little bit
 2698.32	 3.84	depending on how many times you press
 2700.48	 3.04	the simulation button you get slightly
 2702.16	 3.12	different results
 2703.52	 4.16	and you're looking at a pretty modest
 2705.28	 4.72	upgrade regardless of spec two to four
 2707.68	 5.44	dps region we're talking here tiny
 2710.00	 6.08	margins so the only real differentiation
 2713.12	 6.16	between those specs is that this cloak
 2716.08	 4.88	is really really useful for phase three
 2719.28	 3.28	feral tank so
 2720.96	 3.04	if you're really eminent arring and
 2722.56	 3.84	you're not sure you've got two good
 2724.00	 4.08	candidates and it's super close and as
 2726.40	 4.56	we've mentioned we're talking about two
 2728.08	 4.48	to four dps regardless so it's a very
 2730.96	 3.44	small margin anyway
 2732.56	 4.08	if the two candidates themselves on
 2734.40	 4.00	other factors are close the feral tank
 2736.64	 2.56	factor is quite interesting because it
 2738.40	 3.04	is
 2739.20	 4.48	generally where a feral tank wants to be
 2741.44	 3.84	next phase i know it sounds ridiculous
 2743.68	 3.20	to think like that but long term
 2745.28	 3.60	longevity
 2746.88	 4.24	hunters and ferals do use it a bit
 2748.88	 4.88	longer as far as i'm aware so hunters
 2751.12	 4.80	first for sure not close
 2753.76	 4.24	survival if you're nitpicking
 2755.92	 4.48	and then you've got sort of a
 2758.00	 4.56	two way tie between pharaoh and enhance
 2760.40	 4.72	which you can differentiate if you so
 2762.56	 4.96	choose on the tanking factor too but
 2765.12	 4.24	that's fully at your discretion
 2767.52	 3.84	one final thing before i move away from
 2769.36	 3.36	this cloak i did go back to this cloak
 2771.36	 3.60	real quick here
 2772.72	 3.20	is just to differentiate oh sorry cloud
 2774.96	 2.80	cloud
 2775.92	 3.52	cloud school
 2777.76	 4.64	extra value
 2779.44	 4.56	but um as i'm sucking this cloud um the
 2782.40	 3.36	cloak is
 2784.00	 3.68	not used by rogues because they want the
 2785.76	 3.68	hit from the carrot cloak draper the
 2787.68	 4.96	dark reavers
 2789.44	 5.92	and in terms of the rhett situation
 2792.64	 5.60	razor scale and vengeance wrap
 2795.36	 4.96	appear to be literally identical slash
 2798.24	 5.04	slightly ahead again
 2800.32	 5.20	as i mentioned a bit earlier depends on
 2803.28	 4.80	how your sim turns out like the the it's
 2805.52	 4.80	within the margin of error of the sim
 2808.08	 3.84	sheet itself let alone the simulations
 2810.32	 4.48	themselves so
 2811.92	 5.28	it's really small for reps even if it is
 2814.80	 4.88	a tiny bit better if you press you know
 2817.20	 4.08	if you're reading it picking so re again
 2819.68	 4.56	it's just a tiny item for the
 2821.28	 4.88	non-hunters um so again rhett's probably
 2824.24	 4.32	looking at vengeance wrap slash rose
 2826.16	 4.24	scale battle cloak overall but they
 2828.56	 3.68	might want this i've seen it on the
 2830.40	 4.40	business it is ranked as one of their
 2832.24	 4.32	best cloaks but running a sims it did
 2834.80	 4.72	appear this one's actually the worst of
 2836.56	 5.12	those three just a note but feel free to
 2839.52	 4.08	comment in the in the comments if i am
 2841.68	 4.24	dead wrong and you've got a good sim
 2843.60	 3.60	breakdown to show
 2845.92	 3.36	crown of the sun
 2847.20	 4.72	lack of the metagem really hurts this
 2849.28	 4.48	it's not awful but it's a catch-up item
 2851.92	 4.24	not having a meta circuit is kind of a
 2853.76	 5.52	death knell unless the helm is super
 2856.16	 5.28	pushed so again fine probably avoid
 2859.28	 4.96	crystal more often than not and this
 2861.44	 5.52	brings us to gauntlets of the sun king
 2864.24	 6.00	and so far arcane is simming these as
 2866.96	 4.88	their best off piece after getting four
 2870.24	 3.36	piece tier
 2871.84	 4.96	and the reason that is is that vestments
 2873.60	 5.60	have hit on them which is often wasted
 2876.80	 4.24	in terms of arcane gearing and arcane
 2879.20	 4.16	has a pretty interesting interaction
 2881.04	 4.56	with intellect and spirit so the high
 2883.36	 4.64	primaries on these gloves plus the
 2885.60	 4.72	secondaries which pretty much mirror
 2888.00	 4.48	tier five gloves are really where they'd
 2890.32	 3.28	prefer to be at overall because of the
 2892.48	 3.84	dead hit
 2893.60	 5.52	on the investments for them so this is
 2896.32	 5.60	currently the fifth of the fifth piece
 2899.12	 5.04	of the big armor slots for arcane this
 2901.92	 4.56	is where you want to prior it to
 2904.16	 4.00	it's serviceable on your shadow priest
 2906.48	 4.24	and likewise boomies can probably make
 2908.16	 5.04	decent use of this until tier five but
 2910.72	 4.64	spell fire anger spark etc are going to
 2913.20	 4.72	be close to these as well so this is
 2915.36	 4.80	pretty much an arcane slam dunk
 2917.92	 4.40	pretty much like you can't really get
 2920.16	 4.72	more slam dunk than this but it's fine
 2922.32	 4.48	on the casters that actually get some
 2924.88	 4.16	value from the spirit they're also
 2926.80	 5.04	pretty decent just the crit and spell
 2929.04	 4.88	damage is solid by itself but this is
 2931.84	 3.44	pretty much arcane followed by whoever
 2933.92	 3.52	wants it
 2935.28	 4.56	all right and this brings us to leggings
 2937.44	 3.60	of murderous intent and
 2939.84	 3.44	you've already heard me speak about
 2941.04	 4.16	these before and that implies they're
 2943.28	 3.36	very contested which should be very
 2945.20	 3.60	correct on
 2946.64	 4.40	hunters warriors and rep palin's would
 2948.80	 4.88	all do some deviant favors for these but
 2951.04	 4.08	hunters are the clear choice
 2953.68	 3.20	both warriors and rep palettes have
 2955.12	 4.00	access to greaves of the blood water
 2956.88	 4.48	which we've seen which are serviceable
 2959.12	 4.48	until murderous intent are freed up
 2961.36	 4.32	likewise for rets in particular tier 5
 2963.60	 4.24	legs are pretty decent as long as not
 2965.68	 4.32	all of the hit rating is dead
 2967.84	 3.68	as easier said than done with a spec
 2970.00	 3.20	like retribution because of the low
 2971.52	 4.08	amount of hit they need but good
 2973.20	 4.48	alternatives exist essentially for both
 2975.60	 4.00	the plate wearers whereas these are
 2977.68	 3.60	really quite stand out as far as the
 2979.60	 3.84	hunters are concerned because they are
 2981.28	 4.08	desperate to drop hits
 2983.44	 4.48	and they don't have those you know
 2985.36	 5.12	alternatives without hit so hunters
 2987.92	 4.56	first for sure it's not close
 2990.48	 2.96	unfortunately i i know how good these
 2992.48	 2.72	are
 2993.44	 4.00	but you do want to go hunters first here
 2995.20	 3.52	if you're just looking at specs and
 2997.44	 2.88	classes
 2998.72	 4.64	but then you want your worries and your
 3000.32	 5.84	rats to get hold of them if you were
 3003.36	 4.40	being nitpicky on spec after the hunters
 3006.16	 4.00	i probably wouldn't i honestly would
 3007.76	 3.44	just view it as merit based on other
 3010.16	 2.96	factors
 3011.20	 4.48	the the rep versus worry thing really
 3013.12	 5.12	comes down to who deserves it more based
 3015.68	 5.12	on other factors to my mind so hunters
 3018.24	 4.16	first followed by your plate boys
 3020.80	 2.56	super contested
 3022.40	 2.40	and
 3023.36	 2.64	that's just that's just the breakdown
 3024.80	 3.04	unfortunately your hunters will
 3026.00	 3.60	definitely be getting this first it
 3027.84	 3.60	unless your hunter really sucks by
 3029.60	 2.72	comparison or isn't putting an effort or
 3031.44	 2.96	whatever
 3032.32	 3.84	it should go hunters first especially
 3034.40	 4.08	since you're not really gonna dunk all
 3036.16	 6.16	the tier five on tier five on them
 3038.48	 6.40	immediately um in most scenarios like if
 3042.32	 4.24	you loosely follows my logic you're
 3044.88	 3.92	probably not going tier 5 and hunters
 3046.56	 3.76	super fast so this is one of those items
 3048.80	 3.52	where you go okay here's a huge item for
 3050.32	 3.84	you hunters stay happy whilst we get
 3052.32	 4.80	through the tokens that kind of thing
 3054.16	 4.56	but it's huge go hunters first
 3057.12	 3.52	this brings us to sun hawk leggings
 3058.72	 4.40	which are far simpler it's just two
 3060.64	 4.08	specs that see them as abyss and there's
 3063.12	 4.16	holy palette rest of shaman both that
 3064.72	 5.20	can use these are just insane as far as
 3067.28	 4.24	hearing is concerned like 108 13 mp5 and
 3069.92	 3.68	three sockets is
 3071.52	 3.76	really pushed you would you're gonna
 3073.60	 3.92	like take some time to replace these in
 3075.28	 3.60	phase three two so sun hawk really
 3077.52	 3.12	really good
 3078.88	 4.16	i'm not sure whether i differentiate
 3080.64	 4.96	it's just that good of an item
 3083.04	 5.44	healers don't get too many items to
 3085.60	 3.60	roll on slash be you know interested in
 3088.48	 3.28	so
 3089.20	 4.48	having these just be equivalent prior
 3091.76	 4.80	based on other factors seems the most
 3093.68	 5.20	fair
 3096.56	 4.00	this moves us on to royal glances of the
 3098.88	 3.92	silver moon and i've just noticed
 3100.56	 5.84	another cloud we're getting fantastic
 3102.80	 3.60	rng up in here right now
 3106.96	 5.28	more moats
 3108.56	 5.68	and this brings us back to the gloves
 3112.24	 4.08	so the gloves are pretty good they're
 3114.24	 4.40	solid for mitigation
 3116.32	 4.80	for both plate tanks but neither are
 3118.64	 4.56	going to end up here warriors are very
 3121.12	 4.48	keen to use the expertise options
 3123.20	 4.40	deafness or searing grip here whilst
 3125.60	 3.92	parlins typically use tier 5 gloves
 3127.60	 4.24	because they have a more balanced threat
 3129.52	 5.28	and mitigation approach they're probably
 3131.84	 5.92	best on a backup tank but they
 3134.80	 5.36	can be useful or are most useful for
 3137.76	 4.24	your prop palla before they can get
 3140.16	 4.96	their hands on tier 5 gloves they are
 3142.00	 6.64	not at the complete top of tier 5 clubs
 3145.12	 5.36	prio so overall this is a good stop gap
 3148.64	 3.92	for them but if you
 3150.48	 4.00	were trying to really like you know
 3152.56	 4.00	tease out the most value this probably
 3154.48	 4.56	goes on the tank that's not tanking
 3156.56	 4.88	super often or is like a arms warrior
 3159.04	 5.20	that tanks sometimes etc
 3161.44	 4.64	but overall pallas might want these prop
 3164.24	 3.44	warriors probably don't but if they
 3166.08	 4.24	haven't got any expertise options
 3167.68	 4.40	they're good here too
 3170.32	 3.28	band of the ranger general and this is
 3172.08	 4.16	super contested as you might have
 3173.60	 5.44	guessed this is the prince ring all over
 3176.24	 5.36	again literally um it's just the prince
 3179.04	 5.12	ring with flavor text and more stats
 3181.60	 5.92	literally so it's debatable
 3184.16	 5.20	um in terms of who you go first going
 3187.52	 3.68	through all of the options would be
 3189.36	 3.44	painful so i won't put you through that
 3191.20	 4.32	because you've already sat through
 3192.80	 5.60	many many minutes of me talking
 3195.52	 5.36	but the answer where i came to in terms
 3198.40	 5.36	of if you were nitpicking it's just the
 3200.88	 4.40	specs that always want hits the specs
 3203.76	 2.56	that are desperate to have hit all the
 3205.28	 3.04	time
 3206.32	 3.92	is essentially rogues first and then
 3208.32	 4.40	enhance and fury they can still make use
 3210.24	 4.96	of the hit always so i would go those
 3212.72	 4.72	effects those specs first assuming
 3215.20	 4.96	someone isn't in a dire ring situation
 3217.44	 4.24	so i don't know what your raiders gear
 3220.16	 2.40	looks like that's one of the caveats of
 3221.68	 2.80	the video
 3222.56	 3.44	so you can definitely go based on who
 3224.48	 2.80	just has crappy rings or not as good
 3226.00	 3.28	rings
 3227.28	 3.84	but your rogues are definitely going to
 3229.28	 4.48	be always utilizing that hit they're a
 3231.12	 4.48	very safe pick for an otherwise very
 3233.76	 3.76	contested item
 3235.60	 3.92	besides that though i would utilize
 3237.52	 4.32	other factors and it would be completely
 3239.52	 4.88	fair to not use class prior here because
 3241.84	 5.20	of how many people might want this but
 3244.40	 3.92	overall your physical dps squad won't be
 3247.04	 3.76	too upset
 3248.32	 4.08	with you either going rogue or
 3250.80	 4.24	going for the person who just has the
 3252.40	 4.56	crappiest rings set up out of the viable
 3255.04	 4.00	candidates and by viable candidates i
 3256.96	 3.92	mean the candidates you look upon
 3259.04	 3.28	favorably that can mean anything that's
 3260.88	 3.76	your discretion
 3262.32	 4.96	so again i apologize i can't give you a
 3264.64	 5.04	more certain priority because some items
 3267.28	 4.96	like this like the belt of 100 deaths
 3269.68	 3.36	they're just too close to realistically
 3272.24	 3.60	be
 3273.04	 6.00	super super nitpicky but if you must
 3275.84	 6.24	rogues are a safe pick one quick note
 3279.04	 4.64	though and this is just as a you know
 3282.08	 3.04	something that i know in more more
 3283.68	 3.52	intimately than other specs is that
 3285.12	 4.08	ferals don't want to be here it does
 3287.20	 4.88	crop up quite a bit
 3289.20	 5.28	but shape shifters and ring of lethality
 3292.08	 3.76	or shape shifters and the conquest ring
 3294.48	 4.00	with all the stats on it and serpent
 3295.84	 5.52	shrine are probably the play
 3298.48	 5.28	more often than not over this ring this
 3301.36	 5.12	brings us to twin blade of the phoenix
 3303.76	 4.72	um and this is the best weapon for arms
 3306.48	 4.48	and reps it's not especially massive
 3308.48	 5.04	it's actually pretty small
 3310.96	 5.28	but it's best nonetheless so when when
 3313.52	 4.72	this is concerned obviously people are
 3316.24	 5.44	very very keen right they're like oh my
 3318.24	 5.04	god it's this so i wouldn't prioritize
 3321.68	 3.68	either spec
 3323.28	 4.88	in terms of
 3325.36	 4.32	me personally man i'd go lionheart you
 3328.16	 3.28	know in my opinion
 3329.68	 3.76	you know f this weapon
 3331.44	 3.92	it's cool it's good and all but man
 3333.44	 3.92	lionheart looks way cooler
 3335.36	 3.92	either way though it's best for arms and
 3337.36	 4.40	rep by just a little bit
 3339.28	 4.80	um and it's on average
 3341.76	 4.24	if you hire a roll with lionheart
 3344.08	 4.40	it's gonna get you a better pass on
 3346.00	 5.60	average so or not on every so on on the
 3348.48	 4.56	high rolls of your of the buff right so
 3351.60	 4.08	essentially
 3353.04	 5.44	this is your safe biss whereas lionheart
 3355.68	 5.36	would be exceptionally close slash your
 3358.48	 4.80	rng god bits you know
 3361.04	 4.16	and from a fashion sense i think
 3363.28	 3.92	lionheart wins by a mile but that's just
 3365.20	 2.80	in the personal opinion either way
 3367.20	 2.88	though
 3368.00	 4.08	don't prioritize it it's so small over
 3370.08	 3.44	lionheart the one thing you would do
 3372.08	 3.52	though is like you'd have a dilemma
 3373.52	 4.08	between if you have an arms warrior that
 3375.60	 4.56	didn't craft lionheart or a repeller
 3377.60	 4.40	that didn't craft lionheart
 3380.16	 3.36	uh or deep thunder i guess in terms of
 3382.00	 3.92	the rep pally they're not crazy
 3383.52	 4.96	different um you would have a hard time
 3385.92	 4.08	differentiating because
 3388.48	 2.80	there's one on one hand they get a
 3390.00	 2.40	massive upgrade because they're not a
 3391.28	 2.48	blacksmith
 3392.40	 3.92	but
 3393.76	 4.40	if they didn't go blacksmith
 3396.32	 3.68	are they in contention for this sword
 3398.16	 4.16	because it's like this like i don't know
 3400.00	 4.72	it depends how you view it as a guild
 3402.32	 4.80	but potentially you could go
 3404.72	 4.32	non-blacksmiths that first here if they
 3407.12	 3.52	exist in your guild though i would be a
 3409.04	 4.16	little bit surprised if you have a
 3410.64	 4.32	non-blacksmith um arms warrior or
 3413.20	 4.56	reptilian it's just so
 3414.96	 4.32	simple to grind that out but either way
 3417.76	 3.44	rod of the sunking
 3419.28	 4.08	and this one is a gray area i think i
 3421.20	 4.64	touched on it briefly earlier
 3423.36	 4.64	but we'll talk into it in depth now here
 3425.84	 5.44	under current assumptions because the
 3428.00	 5.92	proc rate is decided or or handled on
 3431.28	 4.32	the server side um there's like a big
 3433.92	 3.84	website database where you can check
 3435.60	 5.60	procs um i'll shove the link in the
 3437.76	 6.00	description essentially certain codes um
 3441.20	 4.24	imply a certain proc rate on the sort of
 3443.76	 4.08	like the listing
 3445.44	 4.32	and in this listing it basically says
 3447.84	 3.84	server handles the prop rate that's what
 3449.76	 4.40	the code means it says the server
 3451.68	 4.08	decides how often this procs so nobody
 3454.16	 4.40	knows the proc rate unless they have it
 3455.76	 6.08	on ptr and i haven't seen anyone post
 3458.56	 6.16	like a distinguished log on ptr bonking
 3461.84	 4.48	somebody with brother sunking yet so
 3464.72	 3.44	in this case
 3466.32	 4.00	we aren't sure and the assumption is
 3468.16	 4.56	that this is probably in the realm of
 3470.32	 4.96	one proc to two procs per minute
 3472.72	 4.88	and under that assumption it's not as
 3475.28	 5.20	good as talon of ashara for
 3477.60	 4.56	either rogues or warriors most likely
 3480.48	 4.32	but the warrior thing again still a grey
 3482.16	 4.00	area for me personally
 3484.80	 3.84	in terms of
 3486.16	 3.84	the summary of this weapon simonize
 3488.64	 2.96	which i will link in the description
 3490.00	 3.60	here's a really nice breakdown it is a
 3491.60	 5.20	rogue video about their weapons but
 3493.60	 5.36	here's a nice summary of the
 3496.80	 3.92	road of the sun king based on you know
 3498.96	 3.76	what ppms would need which i'll
 3500.72	 4.48	summarize it for you now but i've linked
 3502.72	 3.60	his full explanation video in the
 3505.20	 2.88	description
 3506.32	 4.64	he essentially determines that if the
 3508.08	 4.24	proc is between two to three procs per
 3510.96	 4.48	minute
 3512.32	 5.36	rod would be roughly on par with talon
 3515.44	 4.72	or slightly ahead if it's closer to
 3517.68	 4.96	three and any proc rate over three times
 3520.16	 5.52	a minute would put it substantially
 3522.64	 5.44	above talon of ashara so
 3525.68	 4.72	in terms of few worries i imagine this
 3528.08	 4.56	is probably similar give or take
 3530.40	 4.48	um because whilst
 3532.64	 4.96	they probably care a tiny bit less about
 3534.88	 4.56	the generation props
 3537.60	 3.92	just because energy is more impactful
 3539.44	 3.36	compared to rage on average just because
 3541.52	 3.28	of how they work
 3542.80	 4.48	it is still notable that furus probably
 3544.80	 5.36	are in a roughly the same territory as
 3547.28	 5.36	far as the proc rates are concerned so
 3550.16	 4.40	if you're a huge brain on fury stuff
 3552.64	 3.92	and you have thoughts on roger sun king
 3554.56	 4.16	feel free to put them in the comments
 3556.56	 4.00	this is again like i said a great area
 3558.72	 4.48	as of recording
 3560.56	 4.64	so if the pro rodge doesn't proc enough
 3563.20	 4.96	this is best on your enhanced shamans
 3565.20	 5.68	because they just want the 2.7 speed on
 3568.16	 5.68	a one-hander there's just no other
 3570.88	 6.56	option so as i mentioned this plus town
 3573.84	 6.08	of the phoenix is six dps above two
 3577.44	 3.52	times nether bane we discussed it on
 3579.92	 3.44	alar
 3580.96	 5.68	and in terms of
 3583.36	 5.92	you know prioritization you'd go here
 3586.64	 4.80	enhance the guy that already owns talon
 3589.28	 3.68	if he doesn't own talon you're in a
 3591.44	 3.04	really awkward spot i'll be honest if
 3592.96	 3.20	you haven't seen talon drop but you see
 3594.48	 4.00	a rod drop it's pretty awkward
 3596.16	 4.16	especially until we know the proc rate
 3598.48	 3.28	so don't you really don't want to see
 3600.32	 3.28	this weak one i'll be honest with you
 3601.76	 3.68	from a loot council perspective you
 3603.60	 4.00	don't have to talk about this week one
 3605.44	 5.52	because it's still quite unknown but
 3607.60	 5.44	without waffling on anymore
 3610.96	 3.76	we've got that 2.7 aspect for enhance
 3613.04	 3.92	and that's where it should go assuming
 3614.72	 4.48	the proc rate is bad
 3616.96	 5.52	however i do want to mention
 3619.20	 6.80	that this is also the second best fury
 3622.48	 6.00	offhand but type behind talon also so
 3626.00	 4.64	regardless of procreate so if the prop
 3628.48	 4.16	crate is bad you'd probably go enhance
 3630.64	 4.40	first or at least one of your enhances
 3632.64	 4.32	first followed by maybe the fury warrior
 3635.04	 5.36	because you might be prioritizing talon
 3636.96	 5.44	to rogues if the prop rate sucks
 3640.40	 4.96	but there is a specific mention here
 3642.40	 5.28	that i do want to add relating to pvp
 3645.36	 3.92	and it's a special case i don't mean
 3647.68	 3.68	this as a loose
 3649.28	 3.68	um sort of pvp thing i mean it's quite
 3651.36	 4.96	strongly in the sense that if you have a
 3652.96	 5.12	serious pvp rogue in your guild they're
 3656.32	 3.92	going to want to be considered for this
 3658.08	 3.60	maybe not first because
 3660.24	 4.00	if the prop crate sucks and it's not
 3661.68	 4.56	good for pve you're well entitled to go
 3664.24	 4.64	through the enhance option or even the
 3666.24	 4.72	fury hat fury offhand option ahead of
 3668.88	 4.96	them but in terms of like the first
 3670.96	 4.00	couple maybe the third one your pvp row
 3673.84	 3.04	is going to be really sort of like
 3674.96	 3.68	gagging for it because it's so good it's
 3676.88	 4.48	got really slow speed for the top end
 3678.64	 5.60	damage for hemo it's got the proc which
 3681.36	 5.44	even if it procs infrequently is very
 3684.24	 5.20	very impactful in pvp so
 3686.80	 5.04	by and large just have a small bit on
 3689.44	 4.48	your mind about a pvp rogue if you have
 3691.84	 3.84	one if he's really into pvp and he's
 3693.92	 3.60	putting the time in i don't mean
 3695.68	 3.04	somebody goes oh yeah i pvp 10 games a
 3697.52	 3.68	week i mean
 3698.72	 5.76	i love pvp i play all the time do
 3701.20	 4.24	consider them here it's insane
 3704.48	 3.76	but
 3705.44	 5.92	let's move on now to the nexus key
 3708.24	 6.08	now nexus key is this for three specs
 3711.36	 5.20	arcane elemental and boomkins as of
 3714.32	 4.80	recording i wouldn't be surprised if
 3716.56	 5.04	maybe one other spec sneaks in there but
 3719.12	 4.32	i think it is going to be limited to
 3721.60	 3.44	arcane elemental and boomkins as far as
 3723.44	 4.56	their bit is concerned and it's because
 3725.04	 5.20	of the fact stats like
 3728.00	 4.48	look how much int is on there look at
 3730.24	 5.60	crit is on there and the spell damage is
 3732.48	 6.24	pretty competitive also so
 3735.84	 5.92	there's different ways you can view this
 3738.72	 5.68	because boomies and elementals do not
 3741.76	 5.60	have realistic alternatives there just
 3744.40	 4.64	isn't a dagger or a mace in this tier
 3747.36	 3.76	you could go there first and you'd be
 3749.04	 3.52	more than justified in terms of a
 3751.12	 3.92	happiness
 3752.56	 5.44	as well as this perspective because it's
 3755.04	 5.04	not bad on them and it also they don't
 3758.00	 4.80	really have alternatives so you're more
 3760.08	 5.12	than capable or more than entitled to
 3762.80	 4.40	favor your elementals and boomkin here
 3765.20	 4.96	and if you're nitpicking between those i
 3767.20	 5.04	would probably lean elemental but
 3770.16	 5.52	because of the intellect interaction
 3772.24	 7.44	with arcane this is also insane on
 3775.68	 6.40	arcane and if you were super mid maxing
 3779.68	 4.88	you would go arcane first not because
 3782.08	 4.16	there's no alternatives but just because
 3784.56	 3.92	arcanes are
 3786.24	 4.24	probably going to play a really big role
 3788.48	 3.68	in tier five as far as mid maxing is
 3790.48	 4.00	concerned they're trying to blast bosses
 3792.16	 4.16	real fast it suits them really well they
 3794.48	 3.84	get some really nice items to help push
 3796.32	 4.16	the spec in particular two-piece tier
 3798.32	 4.88	five is a real nice bonus
 3800.48	 5.04	and just from that perspective you would
 3803.20	 4.32	go arcane first but i do want to
 3805.52	 3.92	highlight here there is literally
 3807.52	 3.76	nothing wrong with going ellie or
 3809.44	 3.84	boomkin first because of the lack of
 3811.28	 2.88	alternatives so
 3813.28	 3.84	for me
 3814.16	 4.64	arcane boom can ellie before anyone else
 3817.12	 3.84	differentiate between the three if
 3818.80	 4.00	you're being super nitpicky on just
 3820.96	 4.48	performance arcane
 3822.80	 3.44	but if you if you prefer to go with the
 3825.44	 2.64	more
 3826.24	 3.76	balanced approach of there are no other
 3828.08	 4.96	alternatives you'd maybe look at your
 3830.00	 4.96	elementals and boomkin first here that's
 3833.04	 3.68	your loot council's discretion right in
 3834.96	 4.80	terms of that but those three specs
 3836.72	 4.88	stand out by a significant margin do not
 3839.76	 3.68	go anywhere else
 3841.60	 3.20	on your first three nexus keys if you
 3843.44	 3.52	have one of each but if you have
 3844.80	 4.96	multiple you know go ham these should
 3846.96	 4.88	all be on those three specs
 3849.76	 3.92	this then brings us to tier 5 chess
 3851.84	 3.36	tokens and i realized i've got 11
 3853.68	 3.28	minutes to get through this so we're
 3855.20	 3.52	going to speed run this because the
 3856.96	 3.68	server shutdown
 3858.72	 3.28	the champion token there are four specs
 3860.64	 3.44	that want this and let's get started
 3862.00	 4.56	with the holy paddle the paddling sorry
 3864.08	 4.72	holy gets a reasonable but albeit
 3866.56	 4.24	relatively small upgrade compared to
 3868.80	 4.08	their tier four chest whilst rep
 3870.80	 4.72	paladins also have a very strong
 3872.88	 4.80	alternative in
 3875.52	 5.04	their kraken heart breast plate which we
 3877.68	 5.28	covered with vash rogues typically use
 3880.56	 6.72	tier four two piece with chest and helm
 3882.96	 6.24	token as they go into phase two
 3887.28	 5.04	whereby you would use two piece tier
 3889.20	 5.44	four over this until you had your four
 3892.32	 4.00	pieces of tier five as far as i know it
 3894.64	 4.00	might be okay to break it up with the
 3896.32	 4.96	two piece tier five but i believe you do
 3898.64	 4.96	want to get your chest towards the back
 3901.28	 4.80	end of like your final two pieces of
 3903.60	 4.00	that four piece i believe but the full
 3906.08	 4.56	piece is very big
 3907.60	 4.88	so you don't be too negative about that
 3910.64	 4.08	yeah sure they can use tier four
 3912.48	 5.60	two-piece for as long as they can
 3914.72	 5.52	but tier five four piece is really good
 3918.08	 4.56	so it kind of balances out
 3920.24	 3.92	but it does differentiate them from the
 3922.64	 4.40	strongest claim
 3924.16	 5.12	and this is your enhanced shamans they
 3927.04	 5.44	really really want their four piece just
 3929.28	 6.48	like rogues and this is a very
 3932.48	 4.96	very good chest like really good chest
 3935.76	 3.92	stand alone as well and they're going to
 3937.44	 4.64	equip it immediately assuming they
 3939.68	 4.48	aren't used aren't using tier 4 chest as
 3942.08	 4.48	their two piece which i believe is a
 3944.16	 4.64	rarity i believe the consensus ended up
 3946.56	 4.48	being tier 4 helm and shoulders for
 3948.80	 4.64	enhance also so
 3951.04	 4.48	cataclysm chest plate should be where
 3953.44	 4.24	you're out on your first ever tier five
 3955.52	 4.72	token if you're a min maxing rogues are
 3957.68	 4.88	a very good alternative as well as your
 3960.24	 5.04	reps and holy palin's but i would go
 3962.56	 4.80	enhance rogue followed by the two palin
 3965.28	 3.68	specs maybe holy a little bit ahead of
 3967.36	 4.40	the reps because the ret has the
 3968.96	 6.08	alternative so those four specs followed
 3971.76	 6.64	by whoever else wants but enhance rogue
 3975.04	 4.56	holy panda repeller rest
 3978.40	 2.80	brings us to
 3979.60	 6.16	the tier 5
 3981.20	 7.60	defender token chest and here again
 3985.76	 4.80	contested by all recipients perhaps not
 3988.80	 4.32	warriors as we've discussed because of
 3990.56	 5.28	the existence of bloodsy brigand's vest
 3993.12	 4.64	but it's going to be close so we'll see
 3995.84	 3.92	still waiting confirmation on that one
 3997.76	 4.16	this leaves us with a tricky process of
 3999.76	 4.96	elimination and the first thing i want
 4001.92	 4.24	to mention is that if they are tailors
 4004.72	 4.56	your healers should be at the bottom
 4006.16	 5.76	here restaurant and holy priest if they
 4009.28	 4.64	are tailoring should be you know towards
 4011.92	 4.16	the back end of the prior here just
 4013.92	 4.88	because of the size of the upgrade and
 4016.08	 5.04	unfortunately again the gila factor if
 4018.80	 4.08	you really mean maxing healers do
 4021.12	 3.20	unfortunately get shafted a little bit
 4022.88	 2.56	it's really
 4024.32	 2.96	not great
 4025.44	 5.28	in terms of the prop warrior the item is
 4027.28	 5.44	actually really good um comparatively
 4030.72	 4.72	to what you'd expect from the usual prop
 4032.72	 4.40	warrior set pieces um but the actual
 4035.44	 3.68	impact of this upgrade is and very
 4037.12	 3.12	underwhelming i hate to keep ragging on
 4039.12	 2.88	the spec
 4040.24	 4.24	but man it's rough it's rough being a
 4042.00	 4.72	prop warrior really rough and
 4044.48	 4.56	this sort of lack of scaling really
 4046.72	 4.00	diminishes just how aggressively you
 4049.04	 3.20	want to gear them i mean some guilds
 4050.72	 3.20	will go tank prio and go quite
 4052.24	 4.40	aggressively on their prop warrior main
 4053.92	 4.96	tank potentially but
 4056.64	 4.56	it's still kind of awkward they
 4058.88	 4.08	i i don't want to rag on it just i've
 4061.20	 4.24	put them lower down because they don't
 4062.96	 4.64	scale incredibly well we also don't run
 4065.44	 3.92	one which helps us but if you do run one
 4067.60	 3.60	you're in an awkward spot here i
 4069.36	 3.44	personally wouldn't go too high on them
 4071.20	 5.12	because they don't scale too great but
 4072.80	 7.52	this is the best piece of the four that
 4076.32	 4.00	you're going to use if you're not pvp
 4081.36	 5.44	in the middle bracket i've got non t non
 4084.16	 4.88	heal non tailoring healer specs sorry
 4086.80	 5.12	it's a significant upgrade over phase
 4089.04	 5.44	one non-crafted and likewise because of
 4091.92	 4.32	that frozen shadowy factor
 4094.48	 3.84	shadow priest is in this middle bracket
 4096.24	 4.48	again we really want them to get their
 4098.32	 3.52	four piece because it's pretty good
 4100.72	 2.88	but
 4101.84	 3.44	frozen shadow we've really just you know
 4103.60	 3.36	cut them a little bit because of the
 4105.28	 4.72	fact that it's so good with their lack
 4106.96	 5.04	of scaling um and overall it's just one
 4110.00	 3.60	of those middling kind of claims nothing
 4112.00	 4.56	too crazy
 4113.60	 5.44	but not a bad claim right in the middle
 4116.56	 4.24	leslie's boomkins and ferals again um
 4119.04	 3.84	pharaoh is the same old story just big
 4120.80	 4.24	raw stats really nice upgrade they're
 4122.88	 4.24	probably your tank it's a good option
 4125.04	 3.76	near the top but
 4127.12	 4.16	you know me i've already shield on
 4128.80	 4.00	boomkins a little bit and unfortunately
 4131.28	 4.16	as much as i hate to say it because i do
 4132.80	 4.96	play feral i'd probably go boomkin again
 4135.44	 3.92	just because the four pieces genuinely
 4137.76	 3.68	the biggest sort of like shift in their
 4139.36	 4.64	dps they're probably gonna experience
 4141.44	 5.84	until you know big you know elements of
 4144.00	 5.36	haste come in so overall
 4147.28	 3.76	i would go towards your boomkin first
 4149.36	 4.56	but feral boomkin is going to be at the
 4151.04	 5.84	top here followed by your frozen shadow
 4153.92	 5.76	weave and also your shadow priests and
 4156.88	 4.96	non-tailoring healers and then your
 4159.68	 5.04	warriors warriors have that alternative
 4161.84	 5.36	slash better option in bloodsy brigands
 4164.72	 4.40	prop warriors just aren't too hot of a
 4167.20	 4.48	case in tier five so it's really
 4169.12	 5.36	difficult to prioritize them heavily but
 4171.68	 4.96	i will say it's a very good piece but
 4174.48	 3.60	despite the fact that properties have a
 4176.64	 4.96	bad time
 4178.08	 5.52	hero token is very very similar
 4181.60	 3.76	in terms of
 4183.60	 4.64	warlocks want vestments and they have
 4185.36	 4.48	prior there basically and this then
 4188.24	 2.96	leaves and the same is true sorry for
 4189.84	 4.24	your fire mages and this then leaves
 4191.20	 4.80	your arcane mages and your hunters so
 4194.08	 4.24	i would go arcane rage because they can
 4196.00	 4.32	equip their tier 5 chest immediately and
 4198.32	 4.16	then go hunters and then the rest
 4200.32	 4.16	because your fire fire mages and your
 4202.48	 3.52	warlocks are looking investments they
 4204.48	 3.92	just shouldn't really be in this
 4206.00	 4.00	discussion at least early on maybe later
 4208.40	 5.20	on if you haven't got any good luck with
 4210.00	 5.52	vestments sure but early on arcanes
 4213.60	 3.76	hunters rest
 4215.52	 3.60	this brings us to ashes of allah and
 4217.36	 4.24	good luck that's all i have to say good
 4219.12	 4.24	luck god and sphere again i'm kind of
 4221.60	 4.32	speedrunning this a tiny bit because of
 4223.36	 4.24	the shutdown in four minutes um should
 4225.92	 3.60	have thought about this one doing it on
 4227.60	 5.12	a tuesday night
 4229.52	 4.80	uh for eu but um it's a tough one right
 4232.72	 4.24	i don't know how you did mac there on
 4234.32	 4.72	heads but this is similar it all of
 4236.96	 4.32	these necks besides maybe the tank one
 4239.04	 4.32	because it's just a bit awkward i think
 4241.28	 3.76	your prop pal is going to end up using
 4243.36	 3.68	um the neck the spell damage neck
 4245.04	 4.64	actually if they ever did get it but
 4247.04	 4.32	overall this is a really really good
 4249.68	 3.60	like it's just always the case right
 4251.36	 4.00	these annoying boss items that have a
 4253.28	 4.96	quest and a really good item with it's
 4255.36	 4.88	just biss across the board there are
 4258.24	 4.80	several approaches you can use
 4260.24	 4.16	in terms of longevity that's the only
 4263.04	 3.36	thing i'm going to bring up in terms of
 4264.40	 4.16	longevity
 4266.40	 3.60	you really are looking
 4268.56	 3.04	at
 4270.00	 3.20	in terms of longevity though which is
 4271.60	 5.20	pretty much the only real
 4273.20	 5.60	differentiating factor besides roll
 4276.80	 4.80	you're looking at your hunters
 4278.80	 5.12	and your elemental they will use this
 4281.60	 3.28	neck in phase three to the best of my
 4283.92	 3.36	knowledge
 4284.88	 4.72	but pretty much everyone's going to view
 4287.28	 3.36	this as highly valuable besides your
 4289.60	 2.32	tanks
 4290.64	 2.48	and
 4291.92	 3.36	overall
 4293.12	 3.92	it's just an awkward one i don't really
 4295.28	 3.52	think there's a good way to do this
 4297.04	 3.60	besides other merits so i'm going to
 4298.80	 3.92	leave it there like your elementals and
 4300.64	 4.40	your hunters do have a little bit more
 4302.72	 3.76	longevity from this item
 4305.04	 3.12	but
 4306.48	 3.12	whether you really care about that or
 4308.16	 3.60	whether you just want to use it you want
 4309.60	 3.60	to use different merits that's fully
 4311.76	 4.08	understandable i would actually
 4313.20	 4.88	encourage you to do so it's so annoying
 4315.84	 4.80	to have class based prior on this item
 4318.08	 4.56	in particular so this then brings me two
 4320.64	 4.32	minutes to run through these trash outs
 4322.64	 5.28	real quick real quick sorry mantle of
 4324.96	 4.64	the elven kings solid not crazy more of
 4327.92	 4.00	a filler item for someone who lacks
 4329.60	 4.88	phase one biss or is in the waiting room
 4331.92	 4.72	for their best p2 option no strict prize
 4334.48	 4.40	needed but there are some pretty good
 4336.64	 3.20	claims from arcane and boomkin as they
 4338.88	 3.04	await
 4339.84	 4.08	their token because of the fact spirit
 4341.92	 4.08	exists it's just a bit quite nice saying
 4343.92	 3.76	we shadow priest arguably but frozen
 4346.00	 3.92	shadowy is probably better because they
 4347.68	 4.80	just like raw spell damage
 4349.92	 5.44	fire chord of the magus good but belt
 4352.48	 4.24	blasting is crazy and binding equip so
 4355.36	 4.00	whoever
 4356.72	 3.84	bark gloves of ancient wisdom
 4359.36	 4.88	pretty much
 4360.56	 5.60	okay but catch up on the e it bans
 4364.24	 3.52	not bad comparable to the best options
 4366.16	 3.92	for enhance and to a lesser extent
 4367.76	 4.32	hunter but no strict priors needed to go
 4370.08	 3.68	with whoever wants it girdle of the
 4372.08	 4.64	fallen stars
 4373.76	 5.36	this is this for both palace and shamans
 4376.72	 5.36	but nothing too huge over primal moon
 4379.12	 4.32	cloth if they are a tailor so prioritize
 4382.08	 3.28	non-tailors
 4383.44	 4.24	this brings us to the seventh ring of
 4385.36	 4.64	the terrorist fallen and
 4387.68	 4.40	it's solid but generally inferior to
 4390.00	 4.24	sundered souls if you want to go chunk
 4392.08	 3.52	on your ring and in terms of your prop
 4394.24	 3.84	warrior they're gonna go quite
 4395.60	 4.24	aggressive on their rings usually so
 4398.08	 4.00	probably prop pala but they're gonna
 4399.84	 4.40	prefer sundered souls
 4402.08	 4.24	and this essentially brings us to the
 4404.24	 4.88	end of this video just in time 45
 4406.32	 6.16	seconds to go i hope you found it useful
 4409.12	 5.84	apologies for the rushed ending here but
 4412.48	 3.84	in terms of what i said i generally mean
 4414.96	 3.04	it even though it's going fast through
 4416.32	 3.52	verdant sphere and stuff
 4418.00	 3.36	i wouldn't go class based here i wasn't
 4419.84	 4.40	joking that's already in the script i've
 4421.36	 4.96	just read it out faster essentially um
 4424.24	 4.96	it's a tough one these items are really
 4426.32	 4.72	awkward um but again i hope you found it
 4429.20	 3.44	useful they're just my thoughts i don't
 4431.04	 3.84	know the context of your raiders that
 4432.64	 3.44	well aside from their class and spec and
 4434.88	 2.00	that aspect
 4436.08	 2.56	so
 4436.88	 3.12	i hope you had a good time in phase two
 4438.64	 3.52	i hope luke council doesn't have any
 4440.00	 3.92	drama and i'm about to get disconnected
 4442.16	 6.04	i'll see you next time
 4443.92	 4.28	hopefully in your notifications
